datetime,ticker,action,quantity,contract,delivery_month,signal_price,fill_price,slippage_pts,slippage_twd,pos_before,target_pos,order_status,note
2026-05-19 23:15:13,MXF1!,BUY,1,TMFF6,202606,40144.0,40156.0,12.0,120.0,-1,0,Status.Filled,
2026-05-20 03:55:05,MXF1!,SELL,1,TMFF6,202606,40316.0,40300.0,16.0,160.0,0,-1,Status.Filled,
2026-05-20 08:50:04,MXF1!,SELL,1,TMFF6,202606,40180.0,40174.0,6.0,60.0,-1,-2,Status.Filled,
2026-05-20 08:50:16,MXF1!,BUY,1,TMFF6,202606,40133.0,40138.0,5.0,50.0,-2,-1,Status.Filled,
2026-05-20 09:11:51,MXF1!,BUY,1,TMFF6,202606,40391.0,40394.0,3.0,30.0,-1,0,Status.Filled,
2026-05-20 11:15:06,MXF1!,SELL,1,TMFF6,202606,40113.0,40116.0,-3.0,-30.0,0,-1,Status.Filled,
2026-05-20 22:07:00,MXF1!,BUY,1,TMFF6,202606,,,,,-1,0,ManualClose,手動平倉
2026-05-20 23:20:15,MXF1!,BUY,1,TMFF6,202606,41028.0,41036.0,8.0,80.0,0,1,Status.Filled,
2026-05-21 08:50:03,MXF1!,BUY,1,TMFF6,202606,41090.0,41095.0,5.0,50.0,0,1,Status.Filled,
2026-05-21 09:05:03,MXF1!,BUY,1,TMFF6,202606,41163.0,41174.0,11.0,110.0,1,2,Status.Filled,
2026-05-21 09:10:03,MXF1!,BUY,1,TMFF6,202606,41276.0,41283.0,7.0,70.0,2,3,Status.Filled,
2026-05-21 09:12:14,MXF1!,SELL,1,TMFF6,202606,41320.0,41314.0,6.0,60.0,3,2,Status.Filled,
2026-05-21 09:15:06,MXF1!,BUY,1,TMFF6,202606,41334.0,,,,2,3,ERROR,"Topic: api/v1/order/place_order, Corr: c37, Client: PYAPI/D122885145/0520/212446/767601/35.212.129.240, payload: {'token': 'eyJ0eXAiOiJKV1QiLCJhbGciOiJIUzI1NiJ9.eyJuYmYiOjE3NzkzMTIyODcsImV4cCI6MTc3OTM5ODY4Nywic2ltdWxhdGlvbiI6ZmFsc2UsInBlcnNvbl9pZCI6IkQxMjI4ODUxNDUiLCJ2ZXJzaW9uIjoiMS4zLjMiLCJwMnAiOiIjUDJQL3Y6YmNzb2xhY2UwMS9Pcnlma3FxbS9QWUFQSS9EMTIyODg1MTQ1LzA1MjAvMjEyNDQ2Lzc2NzYwMS8zNS4yMTIuMTI5LjI0MC8jIiwiaXAiOiIzNS4yMTIuMTI5LjI0MCIsInBlcm1pc3Npb25zIjpbIlBvcnRmb2xpbyIsIkRhdGEiLCJUcmFkZSJdLCJsZXZlbCI6MSwiY2FfcmVxdWlyZWQiOnRydWV9.ALtMi467nCHVqdLwsYqog4PMClYXqg3qjyZ6mUnopgo', 'contract': {'security_type': 'FUT', 'exchange': 'TAIFEX', 'code': 'TMFF6', 'symbol': 'TMF202606', 'name': '微型臺指期貨06', 'category': 'TMF', 'currency': 'TWD', 'delivery_month': '202606', 'delivery_date': '2026/06/17', 'strike_price': 0, 'option_right': '', 'underlying_kind': 'I', 'underlying_code': '', 'unit': 1, 'multiplier': 0, 'limit_up': 44136.0, 'limit_down': 36112.0, 'reference': 40124.0, 'update_date': '2026/05/20', 'margin_trading_balance': 0, 'short_selling_balance': 0, 'day_trade': 'No', 'target_code': ''}, 'order': {'action': 'Buy', 'price': 0, 'quantity': 1, 'id': '', 'seqno': '', 'ordno': '', 'account': {'account_type': 'F', 'person_id': 'D122885145', 'broker_id': 'F002000', 'account_id': '2012681', 'signed': True, 'username': '楊仲愷'}, 'custom_field': '', 'ca': 'MIIHoAYJKoZIhvcNAQcCoIIHkTCCB40CAQExDzANBglghkgBZQMEAgEFADAxBgkqhkiG9w0BBwGgJAQiRDEyMjg4NTE0NTM1LjIxMi4xMjkuMjQwMTc3OTMyNjEwMaCCBLcwggSzMIIDm6ADAgECAgRTJDmQMA0GCSqGSIb3DQEBBQUAMG0xCzAJBgNVBAYTAlRXMRswGQYDVQQKExJUQUlXQU4tQ0EuQ09NIEluYy4xJzAlBgNVBAsTHkNlcnRpZmljYXRpb24gU2VydmljZSBQcm92aWRlcjEYMBYGA1UEAxMPVGFpQ0EgU2VjdXJlIENBMB4XDTI1MTIxODAyMTMzNFoXDTI3MTIxODE1NTk1OVowgcQxCzAJBgNVBAYTAlRXMRgwFgYDVQQKEw9UYWlDQSBTZWN1cmUgQ0ExJzAlBgNVBAoTHkNlcnRpZmljYXRpb24gU2VydmljZSBQcm92aWRlcjETMBEGA1UECxMKUkEtc2lub3BhYzEcMBoGA1UECxMTMjMxMTMzNDMtUkEtc2lub3BhYzEsMCoGA1UEAxMjRDEyMjg4NTE0NS0wMC0wMDo6UENDMjAyNTEyMTgxMDEzMzQxETAPBgkqhkiG9w0BCQEWAkBAMIIBIjANBgkqhkiG9w0BAQEFAAOCAQ8AMIIBCgKCAQEAsGbbRZvB4oy5M8TO%2B%2B6Bk4foKGIRexYv6I6Qfpi6IZ0A7GKLMhrTPyGRdZrhnofiTzoZdR3GkSIzH1boaIIfcx0S70q7Dm3Nig5Sy7gelK9hGHyjmemK5HJ1GMTtQeQLMz5EMJ8m3wvkaS%2FLVYrgfLoCVwxPugRaL17PdSrF9%2BUHxtYu79thskP3Y5evFGYT1bIN5k2QoYze8U%2FtgsJIicrgRtV5c1jn1KTKGpnALiOyoOs9TjdI0aPTSA9Df4DuSN6HEYqcR9PIOxAdqL2aba6V%2BtiYPcfDeCWJGJl4y2U7ti9bpQ0hkrWfNFCuPM2OaKujzNoG%2BBPIh%2FZPsB8%2BxwIDAQABo4IBATCB%2FjAfBgNVHSMEGDAWgBTAshkS0soHqML9TLZBh7T%2Fow73tzAdBgNVHQ4EFgQUssmVa4lQLaoPe7uuK9Db2hxmEbMwSAYDVR0fBEEwPzA9oDugOYY3aHR0cDovL2l0YXgudHdjYS5jb20udHcvZWNwbHVzL2VjcGx1c19VQ0FfMjAxOF9zaGExLmNybDBXBgNVHSAEUDBOMEwGB2CGdgMBAwEwQTAbBggrBgEFBQcCARYPd3d3LnR3Y2EuY29tLnR3MCIGCCsGAQUFBwICMBYaFFJlc3RyaWN0aW9uID0zLjIuMi4xMAkGA1UdEwQCMAAwDgYDVR0PAQH%2FBAQDAgTwMA0GCSqGSIb3DQEBBQUAA4IBAQCAT%2BH06SMHlHMG7Ib%2FdsmXoCr%2B7NL2cG%2BW1l%2F8jqJmlplonV8gV3FFwsRUBlEtX%2B9NCQDPG%2FR0WV6hdHkb5HxaNGp0rMM%2BcBeP%2BHs9KntzAEAHMHlMfgXtCbMAiNE91KErhTZrKzJ1mAkilOsjx5hq50ltxJzCVIdPp3ITX0vmJ3lVKF%2Fki7qNDkbVdCcPBcgK%2B%2BQmaGmykGThpQ3QWEBJ%2FGjmlx8NEF6wR5dunOyvPF69Hj7a1DLrRrQKJRhBCqa4kX0vz3986kjne3qGMQj3gWrFE0sYUPFCDHdckEW5Av%2BPKO7Yc49Qp5GB%2F71M4sXq5W95eP3EGZZuUwgcC0HYMYIChzCCAoMCAQEwdTBtMQswCQYDVQQGEwJUVzEbMBkGA1UEChMSVEFJV0FOLUNBLkNPTSBJbmMuMScwJQYDVQQLEx5DZXJ0aWZpY2F0aW9uIFNlcnZpY2UgUHJvdmlkZXIxGDAWBgNVBAMTD1RhaUNBIFNlY3VyZSBDQQIEUyQ5kDANBglghkgBZQMEAgEFAKCB5DAYBgkqhkiG9w0BCQMxCwYJKoZIhvcNAQcBMBwGCSqGSIb3DQEJBTEPFw0yNjA1MjEwMTE1MDFaMC8GCSqGSIb3DQEJBDEiBCCkpcrDSKNJlouMUSoH8aSylgs6MA8qj%2Bm4tHBuc0iKqzB5BgkqhkiG9w0BCQ8xbDBqMAsGCWCGSAFlAwQBKjALBglghkgBZQMEARYwCwYJYIZIAWUDBAECMAoGCCqGSIb3DQMHMA4GCCqGSIb3DQMCAgIAgDANBggqhkiG9w0DAgIBQDAHBgUrDgMCBzANBggqhkiG9w0DAgIBKDANBgkqhkiG9w0BAQEFAASCAQB3%2FNiz65Hb2gnhEbD%2BOsJ6fkPDdKkVq9q3GTZiTt6ICzlbe2jN4fzEjKi2BXd%2BpJD%2BO8drqXvwD%2FGIUz3xmKPEdl%2BjAv00GNpwvNpaa4%2FCG9SWV0BJF1MbGnFP3yveDOWNtmbAtgbpPdYz8%2BmwkpEhuL9ztPM6k%2FP%2FTTufpIIoESZWZkSUG5VQ3JKSks5oUDK6I%2FTqEdP%2F6ngDA4VFcNbcoNWptuGihW3qy46XbQaTxwzCulu71qMveK4PEi6bMbBwQ5K%2BAEiX3IAFwYERwg4zK3FSJWy83iUFwv%2FSMsJGCssYSenFaxL56kTv%2F9oD7m8NwXcOfS0MKgj5vDX5VV7u', 'price_type': 'MKP', 'order_type': 'IOC', 'octype': 'Auto', 'order_lot': 'Common', 'order_cond': 'Cash', 'daytrade_short': False}}"
2026-05-21 09:16:05,MXF1!,SELL,1,TMFF6,202606,41381.0,41384.0,-3.0,-30.0,3,2,Status.Filled,
2026-05-21 09:30:03,MXF1!,BUY,1,TMFF6,202606,41430.0,41424.0,-6.0,-60.0,2,3,Status.Filled,
2026-05-21 09:35:04,MXF1!,BUY,1,TMFF6,202606,41466.0,41471.0,5.0,50.0,3,4,Status.Filled,
2026-05-21 10:02:43,MXF1!,SELL,1,TMFF6,202606,41513.0,41510.0,3.0,30.0,4,3,Status.Filled,
2026-05-21 10:02:47,MXF1!,SELL,1,TMFF6,202606,41521.0,41519.0,2.0,20.0,3,2,Status.Filled,
2026-05-21 10:20:03,MXF1!,BUY,1,TMFF6,202606,41518.0,41517.0,-1.0,-10.0,2,3,Status.Filled,
2026-05-21 11:05:04,MXF1!,BUY,1,TMFF6,202606,41543.0,41543.0,0.0,0.0,3,4,Status.Filled,
2026-05-21 11:13:30,MXF1!,SELL,1,TMFF6,202606,41599.0,41597.0,2.0,20.0,4,3,Status.Filled,
2026-05-21 11:13:33,MXF1!,SELL,1,TMFF6,202606,41599.0,41593.0,6.0,60.0,3,2,Status.Filled,
2026-05-21 11:15:03,MXF1!,BUY,1,TMFF6,202606,41595.0,41595.0,0.0,0.0,2,3,Status.Filled,
2026-05-21 11:25:03,MXF1!,BUY,1,TMFF6,202606,41640.0,41638.0,-2.0,-20.0,3,4,Status.Filled,
2026-05-21 13:30:05,MXF1!,SELL,1,TMFF6,202606,41556.0,41551.0,5.0,50.0,4,3,Status.Filled,
2026-05-21 15:00:15,MXF1!,SELL,1,TMFF6,202606,41237.0,41257.0,-20.0,-200.0,3,2,Status.Filled,
2026-05-21 18:30:06,MXF1!,SELL,2,TMFF6,202606,41348.0,41333.0,15.0,150.0,2,0,Status.Filled,
2026-05-21 21:55:08,MXF1!,BUY,1,TMFF6,202606,41593.0,41620.0,27.0,270.0,0,1,Status.Filled,
2026-05-21 22:21:02,MXF1!,SELL,1,TMFF6,202606,41375.0,41366.0,9.0,90.0,1,0,Status.Filled,
2026-05-22 11:35:05,MXF1!,BUY,1,TMFF6,202606,42153.0,42158.0,5.0,50.0,0,1,Status.Filled,
2026-05-22 12:05:04,MXF1!,BUY,1,TMFF6,202606,42281.0,42282.0,1.0,10.0,1,2,Status.Filled,
2026-05-22 12:15:03,MXF1!,BUY,1,TMFF6,202606,42363.0,42370.0,7.0,70.0,2,3,Status.Filled,
2026-05-22 12:45:03,MXF1!,BUY,1,TMFF6,202606,42390.0,42391.0,1.0,10.0,3,4,Status.Filled,
2026-05-22 12:53:29,MXF1!,SELL,1,TMFF6,202606,42442.0,42441.0,1.0,10.0,4,3,Status.Filled,
2026-05-22 13:40:05,MXF1!,BUY,1,TMFF6,202606,42446.0,42447.0,1.0,10.0,3,4,Status.Filled,
2026-05-22 13:43:10,MXF1!,SELL,1,TMFF6,202606,42485.0,42484.0,1.0,10.0,4,3,Status.Filled,
2026-05-22 16:16:18,MXF1!,SELL,1,TMFF6,202606,42549.0,42551.0,-2.0,-20.0,3,2,Status.Filled,
2026-05-22 16:18:06,MXF1!,SELL,1,TMFF6,202606,42565.0,42563.0,2.0,20.0,2,1,Status.Filled,
2026-05-22 21:40:08,MXF1!,BUY,1,TMFF6,202606,42586.0,42598.0,12.0,120.0,1,2,Status.Filled,
2026-05-22 21:40:11,MXF1!,SELL,1,TMFF6,202606,42589.0,42604.0,-15.0,-150.0,2,1,Status.Filled,
2026-05-22 23:40:07,MXF1!,BUY,1,TMFF6,202606,42707.0,42711.0,4.0,40.0,1,2,Status.Filled,
2026-05-23 01:28:18,MXF1!,SELL,1,TMFF6,202606,42780.0,42788.0,-8.0,-80.0,2,1,Status.Filled,
2026-05-23 03:55:04,MXF1!,SELL,1,TMFF6,202606,42530.0,42533.0,-3.0,-30.0,1,0,Status.Filled,
2026-05-25 08:50:04,MXF1!,BUY,1,TMFF6,202606,43276.0,43306.0,30.0,300.0,0,1,Status.Filled,
2026-05-25 09:05:03,MXF1!,BUY,1,TMFF6,202606,43558.0,43580.0,22.0,220.0,1,2,Status.Filled,
2026-05-25 09:07:48,MXF1!,SELL,1,TMFF6,202606,43661.0,43656.0,5.0,50.0,2,1,Status.Filled,
2026-05-25 09:10:03,MXF1!,BUY,1,TMFF6,202606,43681.0,43695.0,14.0,140.0,1,2,Status.Filled,
2026-05-25 09:25:03,MXF1!,BUY,1,TMFF6,202606,43765.0,43798.0,33.0,330.0,2,3,Status.Filled,
2026-05-25 09:30:04,MXF1!,BUY,1,TMFF6,202606,43874.0,43861.0,-13.0,-130.0,3,4,Status.Filled,
2026-05-25 09:34:17,MXF1!,SELL,1,TMFF6,202606,43944.0,43945.0,-1.0,-10.0,4,3,Status.Filled,
2026-05-25 09:34:37,MXF1!,SELL,1,TMFF6,202606,43955.0,43946.0,9.0,90.0,3,2,Status.Filled,
2026-05-25 09:35:03,MXF1!,BUY,1,TMFF6,202606,43953.0,43961.0,8.0,80.0,2,3,Status.Filled,
2026-05-25 09:40:03,MXF1!,BUY,1,TMFF6,202606,43967.0,43961.0,-6.0,-60.0,3,4,Status.Filled,
2026-05-25 10:09:12,MXF1!,SELL,1,TMFF6,202606,44048.0,44039.0,9.0,90.0,4,3,Status.Filled,
2026-05-25 19:20:09,MXF1!,SELL,1,TMFF6,202606,44085.0,44078.0,7.0,70.0,3,2,Status.Filled,
2026-05-25 21:05:03,MXF1!,BUY,1,TMFF6,202606,44110.0,44116.0,6.0,60.0,2,3,Status.Filled,
2026-05-25 21:05:06,MXF1!,SELL,2,TMFF6,202606,44110.0,44111.5,-1.5,-15.0,3,1,Status.Filled,
2026-05-25 21:05:09,MXF1!,BUY,1,TMFF6,202606,44110.0,44114.0,4.0,40.0,1,2,Status.Filled,
2026-05-25 22:04:17,MXF1!,SELL,2,TMFF6,202606,44223.0,44221.0,2.0,20.0,2,0,Status.Filled,
2026-05-25 22:25:05,MXF1!,BUY,1,TMFF6,202606,44276.0,44282.0,6.0,60.0,0,1,Status.Filled,
2026-05-25 23:15:08,MXF1!,BUY,1,TMFF6,202606,44322.0,44332.0,10.0,100.0,1,2,Status.Filled,
2026-05-26 00:50:07,MXF1!,BUY,1,TMFF6,202606,44367.0,44368.0,1.0,10.0,2,3,Status.Filled,
2026-05-26 01:00:07,MXF1!,BUY,1,TMFF6,202606,44375.0,44373.0,-2.0,-20.0,3,4,Status.Filled,
2026-05-26 02:00:04,MXF1!,SELL,1,TMFF6,202606,44292.0,44292.0,0.0,0.0,4,3,Status.Filled,
2026-05-26 08:45:10,MXF1!,SELL,2,TMFF6,202606,44156.0,44055.0,101.0,1010.0,3,1,Status.Filled,
2026-05-26 08:45:13,MXF1!,SELL,1,TMFF6,202606,44156.0,44018.0,138.0,1380.0,1,0,Status.Filled,
2026-05-26 08:45:16,MXF1!,BUY,2,TMFF6,202606,44156.0,44055.0,-101.0,-1010.0,0,2,Status.Filled,
2026-05-27 03:35:06,MXF1!,SELL,1,TMFF6,202606,44469.0,44463.0,6.0,60.0,2,1,Status.Filled,
2026-05-27 08:50:04,MXF1!,BUY,1,TMFF6,202606,44546.0,44566.0,20.0,200.0,1,2,Status.Filled,
2026-05-27 08:50:54,MXF1!,SELL,1,TMFF6,202606,44592.0,44592.0,0.0,0.0,2,1,Status.Filled,
2026-05-27 08:52:06,MXF1!,SELL,1,TMFF6,202606,44641.0,44645.0,-4.0,-40.0,1,0,Status.Filled,
2026-05-27 09:25:03,MXF1!,BUY,1,TMFF6,202606,45123.0,45135.0,12.0,120.0,0,1,Status.Filled,
2026-05-27 09:30:13,MXF1!,SELL,1,TMFF6,202606,44896.0,44905.0,-9.0,-90.0,1,0,Status.Filled,
2026-05-27 10:50:03,MXF1!,BUY,1,TMFF6,202606,45178.0,45185.0,7.0,70.0,0,1,Status.Filled,
2026-05-27 12:12:50,MXF1!,SELL,1,TMFF6,202606,44872.0,44873.0,-1.0,-10.0,1,0,Status.Filled,
2026-05-28 00:45:11,MXF1!,BUY,1,TMFF6,202606,45133.0,45140.0,7.0,70.0,0,1,Status.Filled,
2026-05-28 01:00:05,MXF1!,SELL,1,TMFF6,202606,45048.0,45054.0,-6.0,-60.0,1,0,Status.Filled,
2026-05-28 10:00:04,MXF1!,BUY,1,TMFF6,202606,45306.0,45340.0,34.0,340.0,0,1,Status.Filled,
2026-05-28 10:10:05,MXF1!,SELL,1,TMFF6,202606,45028.0,45023.0,5.0,50.0,1,0,Status.Filled,
2026-05-28 22:15:08,MXF1!,BUY,1,TMFF6,202606,44692.0,44690.0,-2.0,-20.0,0,1,Status.Filled,
2026-05-28 23:30:06,MXF1!,BUY,1,TMFF6,202606,44821.0,44825.0,4.0,40.0,1,2,Status.Filled,
2026-05-29 00:25:10,MXF1!,BUY,1,TMFF6,202606,44882.0,44875.0,-7.0,-70.0,2,3,Status.Filled,
2026-05-29 02:40:06,MXF1!,SELL,1,TMFF6,202606,44707.0,44714.0,-7.0,-70.0,3,2,Status.Filled,
2026-05-29 09:44:06,MXF1!,SELL,1,TMFF6,202606,45069.0,45075.0,-6.0,-60.0,2,1,Status.Filled,
2026-05-29 09:45:05,MXF1!,BUY,1,TMFF6,202606,45101.0,45136.0,35.0,350.0,1,2,Status.Filled,
2026-05-29 10:10:04,MXF1!,BUY,1,TMFF6,202606,45138.0,45137.0,-1.0,-10.0,2,3,Status.Filled,
2026-05-29 10:20:03,MXF1!,BUY,1,TMFF6,202606,45201.0,45206.0,5.0,50.0,3,4,Status.Filled,
2026-05-29 12:01:14,MXF1!,SELL,1,TMFF6,202606,45291.0,45290.0,1.0,10.0,4,3,Status.Filled,
2026-05-29 12:05:03,MXF1!,BUY,1,TMFF6,202606,45294.0,45293.0,-1.0,-10.0,3,4,Status.Filled,
2026-05-29 12:21:06,MXF1!,SELL,1,TMFF6,202606,45329.0,45329.0,0.0,0.0,4,3,Status.Filled,
2026-05-29 12:34:48,MXF1!,SELL,1,TMFF6,202606,45367.0,45362.0,5.0,50.0,3,2,Status.Filled,
2026-05-29 12:40:04,MXF1!,BUY,1,TMFF6,202606,45381.0,45380.0,-1.0,-10.0,2,3,Status.Filled,
2026-05-29 12:41:44,MXF1!,SELL,2,TMFF6,202606,45387.0,45385.0,2.0,20.0,3,1,Status.Filled,
2026-05-29 22:20:09,MXF1!,SELL,1,TMFF6,202606,45245.0,45242.0,3.0,30.0,1,0,Status.Filled,
2026-06-01 09:05:04,MXF1!,BUY,1,TMFF6,202606,45850.0,45871.0,21.0,210.0,0,1,Status.Filled,
2026-06-01 09:35:03,MXF1!,BUY,1,TMFF6,202606,45984.0,45994.0,10.0,100.0,1,2,Status.Filled,
2026-06-01 09:45:03,MXF1!,BUY,1,TMFF6,202606,46044.0,46056.0,12.0,120.0,2,3,Status.Filled,
2026-06-01 09:55:03,MXF1!,BUY,1,TMFF6,202606,46097.0,46106.0,9.0,90.0,3,4,Status.Filled,
2026-06-01 10:00:56,MXF1!,SELL,1,TMFF6,202606,46196.0,46189.0,7.0,70.0,4,3,Status.Filled,
2026-06-01 10:24:40,MXF1!,SELL,1,TMFF6,202606,46345.0,46336.0,9.0,90.0,3,2,Status.Filled,
2026-06-01 10:25:03,MXF1!,BUY,1,TMFF6,202606,46359.0,46364.0,5.0,50.0,2,3,Status.Filled,
2026-06-01 10:29:30,MXF1!,SELL,1,TMFF6,202606,46436.0,46429.0,7.0,70.0,3,2,Status.Filled,
2026-06-01 10:30:03,MXF1!,BUY,1,TMFF6,202606,46449.0,46442.0,-7.0,-70.0,2,3,Status.Filled,
2026-06-01 11:38:47,MXF1!,SELL,1,TMFF6,202606,45821.0,45824.0,-3.0,-30.0,3,2,Status.Filled,
2026-06-01 21:15:13,MXF1!,SELL,2,TMFF6,202606,45849.0,45857.0,-8.0,-80.0,2,0,Status.Filled,
2026-06-01 22:30:40,MXF1!,BUY,1,TMFF6,202606,46161.0,46161.0,0.0,0.0,0,1,Status.Filled,
2026-06-01 23:20:11,MXF1!,BUY,1,TMFF6,202606,46316.0,46325.0,9.0,90.0,1,2,Status.Filled,
2026-06-01 23:35:06,MXF1!,BUY,1,TMFF6,202606,46437.0,46432.0,-5.0,-50.0,2,3,Status.Filled,
2026-06-01 23:40:04,MXF1!,BUY,1,TMFF6,202606,46433.0,46442.0,9.0,90.0,3,4,Status.Filled,
2026-06-02 00:55:06,MXF1!,SELL,1,TMFF6,202606,46567.0,46563.0,4.0,40.0,4,3,Status.Filled,
2026-06-02 00:55:10,MXF1!,BUY,1,TMFF6,202606,46564.0,46561.0,-3.0,-30.0,3,4,Status.Filled,
2026-06-02 01:30:33,MXF1!,SELL,2,TMFF6,202606,46670.0,46662.0,8.0,80.0,4,2,Status.Filled,
2026-06-02 01:30:36,MXF1!,BUY,1,TMFF6,202606,46670.0,46649.0,-21.0,-210.0,2,3,Status.Filled,
2026-06-02 01:40:57,MXF1!,SELL,2,TMFF6,202606,46679.0,46682.0,-3.0,-30.0,3,1,Status.Filled,
2026-06-02 08:50:04,MXF1!,SELL,1,TMFF6,202606,46215.0,46194.0,21.0,210.0,1,0,Status.Filled,
2026-06-02 13:35:05,MXF1!,BUY,1,TMFF6,202606,46104.0,46105.0,1.0,10.0,0,1,Status.Filled,
2026-06-02 21:05:13,MXF1!,BUY,1,TMFF6,202606,46380.0,46384.0,4.0,40.0,1,2,Status.Filled,
2026-06-02 21:10:05,MXF1!,SELL,1,TMFF6,202606,46274.0,46273.0,1.0,10.0,2,1,Status.Filled,
2026-06-02 21:48:34,MXF1!,SELL,1,TMFF6,202606,46524.0,46522.0,2.0,20.0,1,0,Status.Filled,
2026-06-02 23:35:03,MXF1!,BUY,1,TMFF6,202606,46757.0,46752.0,-5.0,-50.0,0,1,Status.Filled,
2026-06-03 01:23:30,MXF1!,SELL,1,TMFF6,202606,46587.0,46590.0,-3.0,-30.0,1,0,Status.Filled,
2026-06-04 22:05:09,MXF1!,SELL,1,TMFF6,202606,45534.0,45522.0,12.0,120.0,0,-1,Status.Filled,
2026-06-04 22:23:49,MXF1!,BUY,1,TMFF6,202606,45779.0,45769.0,-10.0,-100.0,-1,0,Status.Filled,
2026-06-04 23:10:06,MXF1!,BUY,1,TMFF6,202606,46090.0,46107.0,17.0,170.0,0,1,Status.Filled,
2026-06-04 23:40:06,MXF1!,BUY,1,TMFF6,202606,46219.0,46218.0,-1.0,-10.0,1,2,Status.Filled,
2026-06-05 00:25:09,MXF1!,BUY,1,TMFF6,202606,46311.0,46306.0,-5.0,-50.0,2,3,Status.Filled,
2026-06-05 02:05:39,MXF1!,SELL,1,TMFF6,202606,46504.0,46496.0,8.0,80.0,3,2,Status.Filled,
2026-06-05 03:05:10,MXF1!,BUY,1,TMFF6,202606,46504.0,46503.0,-1.0,-10.0,2,3,Status.Filled,
2026-06-05 03:05:19,MXF1!,SELL,1,TMFF6,202606,46507.0,46498.0,9.0,90.0,3,2,Status.Filled,
2026-06-05 03:35:06,MXF1!,BUY,1,TMFF6,202606,46529.0,46528.0,-1.0,-10.0,2,3,Status.Filled,
2026-06-05 04:05:05,MXF1!,SELL,1,TMFF6,202606,46342.0,46360.0,-18.0,-180.0,3,2,Status.Filled,
2026-06-05 04:06:01,MXF1!,SELL,1,TMFF6,202606,46322.0,46319.0,3.0,30.0,2,1,Status.Filled,
2026-06-05 04:20:03,MXF1!,SELL,1,TMFF6,202606,46301.0,46293.0,8.0,80.0,1,0,Status.Filled,
2026-06-05 08:50:05,MXF1!,SELL,1,TMFF6,202606,45563.0,45552.0,11.0,110.0,0,-1,Status.Filled,
2026-06-05 09:10:03,MXF1!,SELL,1,TMFF6,202606,45290.0,45273.0,17.0,170.0,-1,-2,Status.Filled,
2026-06-05 09:10:41,MXF1!,BUY,1,TMFF6,202606,45262.0,45264.0,2.0,20.0,-2,-1,Status.Filled,
2026-06-05 09:15:04,MXF1!,SELL,1,TMFF6,202606,45151.0,45111.0,40.0,400.0,-1,-2,Status.Filled,
2026-06-05 09:22:34,MXF1!,BUY,1,TMFF6,202606,44889.0,44898.0,9.0,90.0,-2,-1,Status.Filled,
2026-06-05 09:25:03,MXF1!,SELL,1,TMFF6,202606,44789.0,44768.0,21.0,210.0,-1,-2,Status.Filled,
2026-06-05 09:25:48,MXF1!,BUY,1,TMFF6,202606,44683.0,44686.0,3.0,30.0,-2,-1,Status.Filled,
2026-06-05 09:59:35,MXF1!,BUY,1,TMFF6,202606,45467.0,45460.0,-7.0,-70.0,-1,0,Status.Filled,
2026-06-05 11:50:04,MXF1!,SELL,1,TMFF6,202606,45265.0,45258.0,7.0,70.0,0,-1,Status.Filled,
2026-06-05 16:30:05,MXF1!,BUY,1,TMFF6,202606,45219.0,45214.0,-5.0,-50.0,-1,0,Status.Filled,
2026-06-05 23:40:07,MXF1!,SELL,2,TMFF6,202606,44168.0,44161.0,7.0,70.0,1,-1,Status.Filled,
2026-06-06 00:10:06,MXF1!,SELL,1,TMFF6,202606,44034.0,44027.0,7.0,70.0,-1,-2,Status.Filled,
2026-06-06 00:35:09,MXF1!,SELL,1,TMFF6,202606,43951.0,43961.0,-10.0,-100.0,-2,-3,Status.Filled,
2026-06-06 00:40:06,MXF1!,SELL,1,TMFF6,202606,43915.0,43918.0,-3.0,-30.0,-3,-4,Status.Filled,
2026-06-06 00:43:46,MXF1!,BUY,1,TMFF6,202606,43822.0,43823.0,1.0,10.0,-4,-3,Status.Filled,
2026-06-06 00:45:07,MXF1!,SELL,1,TMFF6,202606,43826.0,43823.0,3.0,30.0,-3,-4,Status.Filled,
2026-06-06 02:03:33,MXF1!,BUY,1,TMFF6,202606,43768.0,43770.0,2.0,20.0,-4,-3,Status.Filled,
2026-06-06 02:04:28,MXF1!,BUY,1,TMFF6,202606,43746.0,43757.0,11.0,110.0,-3,-2,Status.Filled,
2026-06-06 02:11:44,MXF1!,BUY,1,TMFF6,202606,43676.0,43681.0,5.0,50.0,-2,-1,Status.Filled,
2026-06-06 02:14:26,MXF1!,BUY,1,TMFF6,202606,43655.0,43665.0,10.0,100.0,-1,0,Status.Filled,
2026-06-06 03:10:09,MXF1!,SELL,1,TMFF6,202606,43288.0,43289.0,-1.0,-10.0,0,-1,Status.Filled,
2026-06-06 03:15:08,MXF1!,SELL,1,TMFF6,202606,43047.0,43055.0,-8.0,-80.0,-1,-2,Status.Filled,
2026-06-06 03:20:05,MXF1!,SELL,1,TMFF6,202606,42995.0,42976.0,19.0,190.0,-2,-3,Status.Filled,
2026-06-06 03:30:16,MXF1!,BUY,1,TMFF6,202606,43288.0,43276.0,-12.0,-120.0,-3,-2,Status.Filled,
2026-06-06 04:05:05,MXF1!,SELL,1,TMFF6,202606,42834.0,42823.0,11.0,110.0,-2,-3,Status.Filled,
2026-06-06 04:07:56,MXF1!,BUY,1,TMFF6,202606,42688.0,42687.0,-1.0,-10.0,-3,-2,Status.Filled,
2026-06-06 04:10:04,MXF1!,SELL,1,TMFF6,202606,42716.0,42712.0,4.0,40.0,-2,-3,Status.Filled,
2026-06-06 04:12:53,MXF1!,BUY,1,TMFF6,202606,42579.0,42577.0,-2.0,-20.0,-3,-2,Status.Filled,
2026-06-06 04:15:04,MXF1!,SELL,1,TMFF6,202606,42443.0,42411.0,32.0,320.0,-2,-3,Status.Filled,
2026-06-06 04:16:00,MXF1!,BUY,1,TMFF6,202606,42352.0,42347.0,-5.0,-50.0,-3,-2,Status.Filled,
2026-06-06 04:20:03,MXF1!,SELL,1,TMFF6,202606,42290.0,42297.0,-7.0,-70.0,-2,-3,Status.Filled,
2026-06-06 04:20:48,MXF1!,BUY,1,TMFF6,202606,42232.0,42231.0,-1.0,-10.0,-3,-2,Status.Filled,
2026-06-06 04:25:04,MXF1!,SELL,1,TMFF6,202606,42249.0,42248.0,1.0,10.0,-2,-3,Status.Filled,
2026-06-06 04:30:03,MXF1!,SELL,1,TMFF6,202606,42138.0,42131.0,7.0,70.0,-3,-4,Status.Filled,
2026-06-06 04:30:58,MXF1!,BUY,1,TMFF6,202606,41907.0,41865.0,-42.0,-420.0,-4,-3,Status.Filled,
2026-06-06 04:31:01,MXF1!,BUY,1,TMFF6,202606,41907.0,41825.0,-82.0,-820.0,-3,-2,Status.Filled,
2026-06-06 04:31:04,MXF1!,BUY,1,TMFF6,202606,41861.0,41852.0,-9.0,-90.0,-2,-1,Status.Filled,
2026-06-06 04:32:46,MXF1!,BUY,1,TMFF6,202606,41799.0,41778.0,-21.0,-210.0,-1,0,Status.Filled,
2026-06-08 12:45:04,MXF1!,SELL,1,TMFF6,202606,43257.0,43259.0,-2.0,-20.0,0,-1,Status.Filled,
2026-06-08 12:50:05,MXF1!,BUY,1,TMFF6,202606,43368.0,43359.0,-9.0,-90.0,-1,0,Status.Filled,
2026-06-08 13:35:05,MXF1!,SELL,1,TMFF6,202606,43160.0,43149.0,11.0,110.0,0,-1,Status.Filled,
2026-06-08 15:10:04,MXF1!,BUY,1,TMFF6,202606,43407.0,43409.0,2.0,20.0,-1,0,Status.Filled,
2026-06-09 03:15:10,MXF1!,SELL,1,TMFF6,202606,43909.0,43919.0,-10.0,-100.0,0,-1,Status.Filled,
2026-06-09 03:55:05,MXF1!,BUY,1,TMFF6,202606,43998.0,43997.0,-1.0,-10.0,-1,0,Status.Filled,
2026-06-09 08:50:03,MXF1!,SELL,1,TMFF6,202606,43757.0,43759.0,-2.0,-20.0,0,-1,Status.Filled,
2026-06-09 09:22:41,MXF1!,BUY,1,TMFF6,202606,43970.0,43936.0,-34.0,-340.0,-1,0,Status.Filled,
2026-06-09 22:15:05,MXF1!,SELL,1,TMFF6,202606,44422.0,44429.0,-7.0,-70.0,0,-1,Status.Filled,
2026-06-09 22:44:44,MXF1!,BUY,1,TMFF6,202606,44074.0,44077.0,3.0,30.0,-1,0,Status.Filled,
2026-06-09 22:45:05,MXF1!,SELL,1,TMFF6,202606,44086.0,44124.0,-38.0,-380.0,0,-1,Status.Filled,
2026-06-09 22:50:05,MXF1!,SELL,1,TMFF6,202606,43930.0,43919.0,11.0,110.0,-1,-2,Status.Filled,
2026-06-09 23:25:03,MXF1!,SELL,1,TMFF6,202606,43741.0,43735.0,6.0,60.0,-2,-3,Status.Filled,
2026-06-09 23:57:23,MXF1!,BUY,1,TMFF6,202606,43129.0,43167.0,38.0,380.0,-3,-2,Status.Filled,
2026-06-09 23:57:26,MXF1!,BUY,1,TMFF6,202606,43129.0,43191.0,62.0,620.0,-2,-1,Status.Filled,
2026-06-10 00:00:19,MXF1!,SELL,1,TMFF6,202606,43178.0,43202.0,-24.0,-240.0,-1,-2,Status.Filled,
2026-06-10 00:10:07,MXF1!,SELL,1,TMFF6,202606,43095.0,43096.0,-1.0,-10.0,-2,-3,Status.Filled,
2026-06-10 00:15:06,MXF1!,SELL,1,TMFF6,202606,43033.0,43030.0,3.0,30.0,-3,-4,Status.Filled,
2026-06-10 00:39:43,MXF1!,BUY,2,TMFF6,202606,42512.0,42512.0,0.0,0.0,-4,-2,Status.Filled,
2026-06-10 00:40:05,MXF1!,SELL,1,TMFF6,202606,42442.0,42433.0,9.0,90.0,-2,-3,Status.Filled,
2026-06-10 00:55:05,MXF1!,SELL,1,TMFF6,202606,42545.0,42526.0,19.0,190.0,-3,-4,Status.Filled,
2026-06-10 01:35:05,MXF1!,BUY,1,TMFF6,202606,43399.0,43394.0,-5.0,-50.0,-4,-3,Status.Filled,
2026-06-10 02:20:02,MXF1!,BUY,1,TMFF6,202606,43575.0,43568.0,-7.0,-70.0,-3,-2,Status.Filled,
2026-06-10 02:58:21,MXF1!,BUY,1,TMFF6,202606,43844.0,43837.0,-7.0,-70.0,-2,-1,Status.Filled,
2026-06-10 08:45:04,MXF1!,BUY,1,TMFF6,202606,43838.0,43835.0,-3.0,-30.0,-1,0,Status.Filled,
2026-06-10 12:35:04,MXF1!,SELL,2,TMFF6,202606,43442.0,43444.0,-2.0,-20.0,0,-2,Status.Filled,
2026-06-10 12:45:06,MXF1!,SELL,1,TMFF6,202606,43359.0,43346.0,13.0,130.0,-2,-3,Status.Filled,
2026-06-10 13:20:03,MXF1!,SELL,1,TMFF6,202606,43254.0,43268.0,-14.0,-140.0,-3,-4,Status.Filled,
2026-06-10 13:25:26,MXF1!,BUY,1,TMFF6,202606,43188.0,43205.0,17.0,170.0,-4,-3,Status.Filled,
2026-06-10 13:26:13,MXF1!,BUY,1,TMFF6,202606,43133.0,43135.0,2.0,20.0,-3,-2,Status.Filled,
2026-06-10 16:43:01,MXF1!,BUY,1,TMFF6,202606,43008.0,43039.0,31.0,310.0,-2,-1,Status.Filled,
2026-06-10 16:43:42,MXF1!,BUY,1,TMFF6,202606,42952.0,42950.0,-2.0,-20.0,-1,0,Status.Filled,
2026-06-10 23:20:05,MXF1!,SELL,1,TMFF6,202606,42989.0,42980.0,9.0,90.0,0,-1,Status.Filled,
2026-06-11 00:35:11,MXF1!,BUY,1,TMFF6,202606,43241.0,43234.0,-7.0,-70.0,-1,0,Status.Filled,
2026-06-11 03:20:04,MXF1!,SELL,1,TMFF6,202606,42750.0,42741.0,9.0,90.0,0,-1,Status.Filled,
2026-06-11 04:35:09,MXF1!,SELL,1,TMFF6,202606,42598.0,42598.0,0.0,0.0,-1,-2,Status.Filled,
2026-06-11 04:50:09,MXF1!,SELL,1,TMFF6,202606,42543.0,42544.0,-1.0,-10.0,-2,-3,Status.Filled,
2026-06-11 08:50:03,MXF1!,BUY,1,TMFF6,202606,42941.0,42975.0,34.0,340.0,-3,-2,Status.Filled,
2026-06-11 08:52:05,MXF1!,BUY,1,TMFF6,202606,43017.0,43032.0,15.0,150.0,-2,-1,Status.Filled,
2026-06-11 08:52:53,MXF1!,BUY,1,TMFF6,202606,43069.0,43084.0,15.0,150.0,-1,0,Status.Filled,
2026-06-11 10:25:03,MXF1!,SELL,1,TMFF6,202606,42394.0,42371.0,23.0,230.0,0,-1,Status.Filled,
2026-06-11 11:33:32,MXF1!,BUY,1,TMFF6,202606,42893.0,42891.0,-2.0,-20.0,-1,0,Status.Filled,
2026-06-12 03:15:09,MXF1!,BUY,1,TMFF6,202606,44447.0,44447.0,0.0,0.0,0,1,Status.Filled,
2026-06-12 08:50:04,MXF1!,BUY,1,TMFF6,202606,44737.0,44733.0,-4.0,-40.0,1,2,Status.Filled,
2026-06-12 08:55:03,MXF1!,BUY,1,TMFF6,202606,44771.0,44772.0,1.0,10.0,2,3,Status.Filled,
2026-06-12 09:00:04,MXF1!,BUY,1,TMFF6,202606,44830.0,44833.0,3.0,30.0,3,4,Status.Filled,
2026-06-12 09:20:03,MXF1!,SELL,1,TMFF6,202606,44400.0,44400.0,0.0,0.0,4,3,Status.Filled,
2026-06-12 09:25:03,MXF1!,SELL,1,TMFF6,202606,44295.0,44280.0,15.0,150.0,3,2,Status.Filled,
2026-06-12 09:25:17,MXF1!,SELL,1,TMFF6,202606,44226.0,44224.0,2.0,20.0,2,1,Status.Filled,
2026-06-12 09:26:47,MXF1!,SELL,1,TMFF6,202606,44193.0,44192.0,1.0,10.0,1,0,Status.Filled,
2026-06-12 22:05:11,MXF1!,BUY,1,TMFF6,202606,44482.0,44461.0,-21.0,-210.0,0,1,Status.Filled,
2026-06-12 22:45:07,MXF1!,SELL,1,TMFF6,202606,44238.0,44233.0,5.0,50.0,1,0,Status.Filled,
2026-06-15 08:50:04,MXF1!,SELL,3,TMFF6,202606,45743.0,45745.3,-2.3,-23.0,4,1,Status.Filled,
2026-06-15 09:20:04,MXF1!,SELL,2,TMFF6,202606,45403.0,45390.0,13.0,130.0,2,0,Status.Filled,
2026-06-16 21:55:16,MXF1!,BUY,1,TMFG6,202607,45901.0,45903.0,2.0,20.0,0,1,Status.Filled,
2026-06-16 22:00:34,MXF1!,SELL,1,TMFG6,202607,45820.0,45829.0,-9.0,-90.0,1,0,Status.Filled,
2026-06-17 09:10:04,MXF1!,BUY,1,TMFG6,202607,45528.0,45521.0,-7.0,-70.0,0,1,Status.Filled,
2026-06-17 09:35:05,MXF1!,BUY,1,TMFG6,202607,45660.0,45652.0,-8.0,-80.0,1,2,Status.Filled,
2026-06-17 11:10:05,MXF1!,SELL,2,TMFG6,202607,45513.0,45514.0,-1.0,-10.0,2,0,Status.Filled,
2026-06-17 11:55:03,MXF1!,BUY,1,TMFG6,202607,45625.0,45624.0,-1.0,-10.0,0,1,Status.Filled,
2026-06-17 12:20:03,MXF1!,BUY,1,TMFG6,202607,45786.0,45780.0,-6.0,-60.0,1,2,Status.Filled,
2026-06-17 12:25:04,MXF1!,BUY,1,TMFG6,202607,45830.0,45840.0,10.0,100.0,2,3,Status.Filled,
2026-06-17 12:30:04,MXF1!,BUY,1,TMFG6,202607,45857.0,45879.0,22.0,220.0,3,4,Status.Filled,
2026-06-17 13:03:03,MXF1!,SELL,1,TMFG6,202607,45914.0,45907.0,7.0,70.0,4,3,Status.Filled,
2026-06-17 13:05:05,MXF1!,BUY,1,TMFG6,202607,45961.0,45955.0,-6.0,-60.0,3,4,Status.Filled,
2026-06-17 13:26:22,MXF1!,SELL,1,TMFG6,202607,46037.0,46026.0,11.0,110.0,4,3,Status.Filled,
2026-06-17 13:26:25,MXF1!,SELL,1,TMFG6,202607,46037.0,46034.0,3.0,30.0,3,2,Status.Filled,
2026-06-17 13:30:05,MXF1!,BUY,1,TMFG6,202607,46003.0,46001.0,-2.0,-20.0,2,3,Status.Filled,
2026-06-17 13:40:03,MXF1!,BUY,1,TMFG6,202607,46036.0,46038.0,2.0,20.0,3,4,Status.Filled,
2026-06-17 15:00:05,MXF1!,SELL,1,TMFG6,202607,46125.0,46213.0,-88.0,-880.0,4,3,Status.Filled,
2026-06-17 15:00:12,MXF1!,SELL,1,TMFG6,202607,46125.0,46192.0,-67.0,-670.0,3,2,Status.Filled,
2026-06-17 15:00:20,MXF1!,SELL,1,TMFG6,202607,46184.0,46212.0,-28.0,-280.0,2,1,Status.Filled,
2026-06-17 15:00:23,MXF1!,SELL,1,TMFG6,202607,46184.0,46205.0,-21.0,-210.0,1,0,Status.Filled,
2026-06-18 08:50:04,MXF1!,BUY,1,TMFG6,202607,46414.0,46431.0,17.0,170.0,0,1,Status.Filled,
2026-06-18 10:15:04,MXF1!,BUY,1,TMFG6,202607,46605.0,46676.0,71.0,710.0,1,2,Status.Filled,
2026-06-18 10:20:03,MXF1!,BUY,1,TMFG6,202607,46665.0,46670.0,5.0,50.0,2,3,Status.Filled,
2026-06-18 12:15:07,MXF1!,SELL,3,TMFG6,202607,46302.0,46296.3,5.7,57.0,3,0,Status.Filled,
2026-06-18 21:05:09,MXF1!,BUY,2,TMFG6,202607,46906.0,46908.5,2.5,25.0,0,2,Status.Filled,
2026-06-18 21:06:13,MXF1!,SELL,1,TMFG6,202607,46919.0,46918.0,1.0,10.0,2,1,Status.Filled,
2026-06-18 21:30:30,MXF1!,SELL,1,TMFG6,202607,47065.0,47063.0,2.0,20.0,1,0,Status.Filled,
2026-06-18 22:05:04,MXF1!,BUY,1,TMFG6,202607,47163.0,47157.0,-6.0,-60.0,0,1,Status.Filled,
2026-06-18 22:25:05,MXF1!,BUY,1,TMFG6,202607,47269.0,47269.0,0.0,0.0,1,2,Status.Filled,
2026-06-19 00:05:08,MXF1!,BUY,1,TMFG6,202607,47322.0,47319.0,-3.0,-30.0,2,3,Status.Filled,
2026-06-19 00:15:04,MXF1!,BUY,1,TMFG6,202607,47333.0,47335.0,2.0,20.0,3,4,Status.Filled,
2026-06-19 01:05:31,MXF1!,SELL,1,TMFG6,202607,47412.0,47414.0,-2.0,-20.0,4,3,Status.Filled,
2026-06-19 01:17:15,MXF1!,SELL,1,TMFG6,202607,47475.0,47471.0,4.0,40.0,3,2,Status.Filled,
2026-06-19 01:21:26,MXF1!,SELL,1,TMFG6,202607,47478.0,47474.0,4.0,40.0,2,1,Status.Filled,
2026-06-19 01:36:34,MXF1!,SELL,1,TMFG6,202607,47532.0,47533.0,-1.0,-10.0,1,0,Status.Filled,
2026-06-19 03:45:08,MXF1!,BUY,1,TMFG6,202607,47575.0,47578.0,3.0,30.0,0,1,Status.Filled,
2026-06-22 08:45:05,MXF1!,SELL,1,TMFG6,202607,47439.0,47407.0,32.0,320.0,1,0,Status.Filled,
2026-06-22 09:35:04,MXF1!,BUY,1,TMFG6,202607,48104.0,48105.0,1.0,10.0,0,1,Status.Filled,
2026-06-22 10:25:03,MXF1!,BUY,1,TMFG6,202607,48313.0,48317.0,4.0,40.0,1,2,Status.Filled,
2026-06-22 13:10:04,MXF1!,BUY,1,TMFG6,202607,48344.0,48323.0,-21.0,-210.0,2,3,Status.Filled,
2026-06-22 13:30:04,MXF1!,BUY,1,TMFG6,202607,48400.0,48414.0,14.0,140.0,3,4,Status.Filled,
2026-06-22 13:44:04,MXF1!,SELL,1,TMFG6,202607,48435.0,48444.0,-9.0,-90.0,4,3,Status.Filled,
2026-06-22 15:03:42,MXF1!,SELL,1,TMFG6,202607,48608.0,48612.0,-4.0,-40.0,3,2,Status.Filled,
2026-06-22 15:03:52,MXF1!,SELL,1,TMFG6,202607,48626.0,48624.0,2.0,20.0,2,1,Status.Filled,
2026-06-22 15:13:33,MXF1!,SELL,1,TMFG6,202607,48662.0,48666.0,-4.0,-40.0,1,0,Status.Filled,
2026-06-22 22:10:08,MXF1!,BUY,1,TMFG6,202607,49213.0,49218.0,5.0,50.0,0,1,Status.Filled,
2026-06-22 22:30:11,MXF1!,SELL,1,TMFG6,202607,49000.0,48968.0,32.0,320.0,1,0,Status.Filled,
2026-06-23 23:30:15,MXF1!,SELL,1,TMFG6,202607,46277.0,,,,0,-1,Status.Failed,
2026-06-23 23:55:04,MXF1!,BUY,1,TMFG6,202607,46451.0,46435.0,-16.0,-160.0,-1,0,Status.Filled,
2026-06-24 10:50:04,MXF1!,SELL,1,TMFG6,202607,46141.0,,,,0,-1,Status.Failed,
2026-06-24 13:20:03,MXF1!,BUY,1,TMFG6,202607,46608.0,,,,0,1,Status.Failed,
2026-06-25 00:40:09,MXF1!,SELL,1,TMFG6,202607,45675.0,45662.0,13.0,130.0,0,-1,Status.Filled,
2026-06-25 01:20:31,MXF1!,BUY,1,TMFG6,202607,45398.0,45387.0,-11.0,-110.0,-1,0,Status.Filled,
2026-06-26 03:15:14,MXF1!,SELL,1,TMFG6,202607,45555.0,45552.0,3.0,30.0,0,-1,Status.Filled,
2026-06-26 04:00:30,MXF1!,BUY,1,TMFG6,202607,45730.0,45728.0,-2.0,-20.0,-1,0,Status.Filled,
2026-06-26 09:50:04,MXF1!,SELL,1,TMFG6,202607,45270.0,45289.0,-19.0,-190.0,0,-1,Status.Filled,
2026-06-26 10:45:04,MXF1!,SELL,1,TMFG6,202607,45081.0,,,,-1,-2,Status.Failed,
2026-06-26 10:50:05,MXF1!,SELL,2,TMFG6,202607,45022.0,,,,-1,-3,Status.Failed,
2026-06-26 11:05:03,MXF1!,SELL,3,TMFG6,202607,44862.0,,,,-1,-4,Status.Failed,
2026-06-26 11:06:14,MXF1!,SELL,2,TMFG6,202607,44818.0,,,,-1,-3,Status.Failed,
2026-06-26 11:06:42,MXF1!,SELL,1,TMFG6,202607,44771.0,,,,-1,-2,Status.Failed,
2026-06-26 11:10:03,MXF1!,SELL,1,TMFG6,202607,44660.0,,,,-1,-2,Status.Failed,
2026-06-26 22:05:14,MXF1!,BUY,1,TMFG6,202607,44747.0,44744.0,-3.0,-30.0,-1,0,Status.Filled,
2026-06-29 08:50:04,MXF1!,SELL,1,TMFG6,202607,44550.0,44540.0,10.0,100.0,0,-1,Status.Filled,
2026-06-29 08:56:11,MXF1!,BUY,1,TMFG6,202607,44853.0,44850.0,-3.0,-30.0,-1,0,Status.Filled,
2026-06-29 11:45:05,MXF1!,SELL,1,TMFG6,202607,45063.0,45070.0,-7.0,-70.0,0,-1,Status.Filled,
2026-06-29 11:50:03,MXF1!,BUY,1,TMFG6,202607,45176.0,45174.0,-2.0,-20.0,-1,0,Status.Filled,
2026-06-29 21:45:14,MXF1!,BUY,1,TMFG6,202607,45950.0,45941.0,-9.0,-90.0,0,1,Status.Filled,
2026-06-29 21:56:27,MXF1!,SELL,1,TMFG6,202607,45708.0,45704.0,4.0,40.0,1,0,Status.Filled,
2026-06-30 00:15:11,MXF1!,BUY,1,TMFG6,202607,46214.0,46218.0,4.0,40.0,0,1,Status.Filled,
2026-06-30 01:00:09,MXF1!,BUY,1,TMFG6,202607,46366.0,46377.0,11.0,110.0,1,2,Status.Filled,
2026-06-30 08:45:13,MXF1!,SELL,1,TMFG6,202607,45908.0,45958.0,-50.0,-500.0,2,1,Status.Filled,
2026-06-30 08:50:03,MXF1!,SELL,1,TMFG6,202607,46125.0,46130.0,-5.0,-50.0,1,0,Status.Filled,
2026-06-30 09:20:04,MXF1!,BUY,1,TMFG6,202607,46542.0,46527.0,-15.0,-150.0,0,1,Status.Filled,
2026-06-30 10:15:03,MXF1!,SELL,1,TMFG6,202607,46343.0,46336.0,7.0,70.0,1,0,Status.Filled,
2026-06-30 21:55:10,MXF1!,BUY,1,TMFG6,202607,47024.0,47065.0,41.0,410.0,0,1,Status.Filled,
2026-06-30 22:05:06,MXF1!,BUY,1,TMFG6,202607,47180.0,47169.0,-11.0,-110.0,1,2,Status.Filled,
2026-06-30 22:20:06,MXF1!,BUY,1,TMFG6,202607,47259.0,47254.0,-5.0,-50.0,2,3,Status.Filled,
2026-06-30 22:25:05,MXF1!,BUY,1,TMFG6,202607,47290.0,,,,3,4,Status.Failed,
2026-07-01 00:49:09,MXF1!,SELL,1,TMFG6,202607,47420.0,47414.0,6.0,60.0,3,2,Status.Filled,
2026-07-01 00:50:04,MXF1!,BUY,1,TMFG6,202607,47430.0,47432.0,2.0,20.0,2,3,Status.Filled,
2026-07-01 02:21:26,MXF1!,SELL,2,TMFG6,202607,47472.0,47467.0,5.0,50.0,3,1,Status.Filled,
2026-07-01 08:50:05,MXF1!,BUY,1,TMFG6,202607,47546.0,47539.0,-7.0,-70.0,1,2,Status.Filled,
2026-07-01 08:51:09,MXF1!,SELL,1,TMFG6,202607,47578.0,47580.0,-2.0,-20.0,2,1,Status.Filled,
2026-07-01 09:08:23,MXF1!,SELL,1,TMFG6,202607,47336.0,47360.0,-24.0,-240.0,1,0,Status.Filled,
2026-07-02 08:50:04,MXF1!,SELL,1,TMFG6,202607,46028.0,46042.0,-14.0,-140.0,0,-1,Status.Filled,
2026-07-02 09:01:07,MXF1!,BUY,1,TMFG6,202607,46224.0,46223.0,-1.0,-10.0,-1,0,Status.Filled,
2026-07-02 09:55:03,MXF1!,BUY,1,TMFG6,202607,46774.0,46777.0,3.0,30.0,0,1,Status.Filled,
2026-07-02 11:25:03,MXF1!,SELL,1,TMFG6,202607,46616.0,46614.0,2.0,20.0,1,0,Status.Filled,
2026-07-02 21:50:09,MXF1!,BUY,1,TMFG6,202607,47085.0,47110.0,25.0,250.0,0,1,Status.Filled,
2026-07-02 22:27:29,MXF1!,SELL,1,TMFG6,202607,46704.0,46693.0,11.0,110.0,1,0,Status.Filled,
2026-07-02 23:20:06,MXF1!,SELL,1,TMFG6,202607,46218.0,46228.0,-10.0,-100.0,0,-1,Status.Filled,
2026-07-03 00:25:10,MXF1!,SELL,1,TMFG6,202607,46016.0,46047.0,-31.0,-310.0,-1,-2,Status.Filled,
2026-07-03 00:30:05,MXF1!,SELL,1,TMFG6,202607,45904.0,45905.0,-1.0,-10.0,-2,-3,Status.Filled,
2026-07-03 00:35:05,MXF1!,SELL,1,TMFG6,202607,45825.0,,,,-3,-4,Status.Failed,
2026-07-03 00:55:05,MXF1!,SELL,1,TMFG6,202607,45698.0,,,,-3,-4,Status.Failed,
2026-07-03 01:01:28,MXF1!,BUY,1,TMFG6,202607,45527.0,45563.0,36.0,360.0,-3,-2,Status.Filled,
2026-07-03 01:38:44,MXF1!,BUY,1,TMFG6,202607,45474.0,45497.0,23.0,230.0,-2,-1,Status.Filled,
2026-07-03 01:40:34,MXF1!,BUY,1,TMFG6,202607,45444.0,45466.0,22.0,220.0,-1,0,Status.Filled,
2026-07-03 09:40:04,MXF1!,BUY,1,TMFG6,202607,46380.0,46383.0,3.0,30.0,0,1,Status.Filled,
2026-07-03 10:10:07,MXF1!,BUY,1,TMFG6,202607,46539.0,46545.0,6.0,60.0,1,2,Status.Filled,
2026-07-03 10:30:04,MXF1!,BUY,1,TMFG6,202607,46641.0,46648.0,7.0,70.0,2,3,Status.Filled,
2026-07-03 12:00:05,MXF1!,BUY,1,TMFG6,202607,46755.0,,,,3,4,Status.Failed,
2026-07-03 12:10:03,MXF1!,BUY,1,TMFG6,202607,46836.0,,,,3,4,Status.Failed,
2026-07-03 12:20:03,MXF1!,BUY,1,TMFG6,202607,46943.0,,,,3,4,Status.Failed,
2026-07-03 12:43:29,MXF1!,SELL,2,TMFG6,202607,47025.0,47014.0,11.0,110.0,3,1,Status.Filled,
2026-07-03 12:43:32,MXF1!,BUY,2,TMFG6,202607,47025.0,47020.5,-4.5,-45.0,1,3,Status.Filled,
2026-07-03 12:43:35,MXF1!,SELL,1,TMFG6,202607,47025.0,47015.0,10.0,100.0,3,2,Status.Filled,
2026-07-03 19:33:12,MXF1!,SELL,2,TMFG6,202607,47166.0,47163.0,3.0,30.0,2,0,Status.Filled,
2026-07-03 22:00:13,MXF1!,BUY,1,TMFG6,202607,47299.0,47299.0,0.0,0.0,0,1,Status.Filled,
2026-07-03 23:00:04,MXF1!,BUY,1,TMFG6,202607,47390.0,47387.0,-3.0,-30.0,1,2,Status.Filled,
2026-07-03 23:15:07,MXF1!,BUY,1,TMFG6,202607,47447.0,47438.0,-9.0,-90.0,2,3,Status.Filled,
2026-07-03 23:20:06,MXF1!,BUY,1,TMFG6,202607,47439.0,47440.0,1.0,10.0,3,4,Status.Filled,
2026-07-04 01:40:08,MXF1!,SELL,1,TMFG6,202607,47361.0,47351.0,10.0,100.0,4,3,Status.Filled,
2026-07-04 01:45:08,MXF1!,SELL,1,TMFG6,202607,47296.0,47270.0,26.0,260.0,3,2,Status.Filled,
2026-07-04 02:02:56,MXF1!,SELL,1,TMFG6,202607,47223.0,47207.0,16.0,160.0,2,1,Status.Filled,
2026-07-04 03:57:53,MXF1!,SELL,1,TMFG6,202607,47167.0,47006.0,161.0,1610.0,1,0,Status.Filled,
2026-07-06 08:50:04,MXF1!,BUY,1,TMFG6,202607,47324.0,47328.0,4.0,40.0,0,1,Status.Filled,
2026-07-06 21:45:11,MXF1!,BUY,1,TMFG6,202607,47228.0,47227.0,-1.0,-10.0,1,2,Status.Filled,
2026-07-06 21:55:06,MXF1!,BUY,1,TMFG6,202607,47268.0,47261.0,-7.0,-70.0,2,3,Status.Filled,
2026-07-06 22:10:06,MXF1!,BUY,1,TMFG6,202607,47348.0,47342.0,-6.0,-60.0,3,4,Status.Filled,
2026-07-06 22:16:36,MXF1!,SELL,1,TMFG6,202607,47489.0,47485.0,4.0,40.0,4,3,Status.Filled,
2026-07-06 22:20:05,MXF1!,BUY,1,TMFG6,202607,47420.0,47426.0,6.0,60.0,3,4,Status.Filled,
2026-07-07 00:55:14,MXF1!,SELL,1,TMFG6,202607,47313.0,47309.0,4.0,40.0,4,3,Status.Filled,
2026-07-07 01:30:03,MXF1!,SELL,1,TMFG6,202607,47279.0,47275.0,4.0,40.0,3,2,Status.Filled,
2026-07-07 08:46:28,MXF1!,SELL,1,TMFG6,202607,46810.0,46814.0,-4.0,-40.0,2,1,Status.Filled,
2026-07-07 08:46:40,MXF1!,SELL,1,TMFG6,202607,46770.0,46670.0,100.0,1000.0,1,0,Status.Filled,
2026-07-07 11:00:04,MXF1!,SELL,1,TMFG6,202607,46608.0,46613.0,-5.0,-50.0,0,-1,Status.Filled,
2026-07-07 11:20:03,MXF1!,SELL,1,TMFG6,202607,46402.0,46393.0,9.0,90.0,-1,-2,Status.Filled,
2026-07-07 11:24:11,MXF1!,BUY,1,TMFG6,202607,46219.0,46212.0,-7.0,-70.0,-2,-1,Status.Filled,
2026-07-07 11:25:03,MXF1!,SELL,1,TMFG6,202607,46227.0,46223.0,4.0,40.0,-1,-2,Status.Filled,
2026-07-07 11:30:03,MXF1!,SELL,1,TMFG6,202607,46134.0,46126.0,8.0,80.0,-2,-3,Status.Filled,
2026-07-07 11:45:04,MXF1!,SELL,1,TMFG6,202607,46122.0,46082.0,40.0,400.0,-3,-4,Status.Filled,
2026-07-07 11:46:37,MXF1!,BUY,1,TMFG6,202607,46020.0,46029.0,9.0,90.0,-4,-3,Status.Filled,
2026-07-07 11:55:04,MXF1!,SELL,1,TMFG6,202607,46036.0,46045.0,-9.0,-90.0,-3,-4,Status.Filled,
2026-07-07 12:14:06,MXF1!,BUY,1,TMFG6,202607,45985.0,45997.0,12.0,120.0,-4,-3,Status.Filled,
2026-07-07 12:17:19,MXF1!,BUY,1,TMFG6,202607,45921.0,45929.0,8.0,80.0,-3,-2,Status.Filled,
2026-07-07 12:20:03,MXF1!,SELL,1,TMFG6,202607,45899.0,45900.0,-1.0,-10.0,-2,-3,Status.Filled,
2026-07-07 12:25:04,MXF1!,SELL,1,TMFG6,202607,45861.0,45863.0,-2.0,-20.0,-3,-4,Status.Filled,
2026-07-07 12:26:05,MXF1!,BUY,1,TMFG6,202607,45792.0,45801.0,9.0,90.0,-4,-3,Status.Filled,
2026-07-07 13:05:03,MXF1!,SELL,1,TMFG6,202607,45769.0,45769.0,0.0,0.0,-3,-4,Status.Filled,
2026-07-07 13:08:35,MXF1!,BUY,1,TMFG6,202607,45759.0,45769.0,10.0,100.0,-4,-3,Status.Filled,
2026-07-07 13:14:36,MXF1!,BUY,1,TMFG6,202607,45706.0,45705.0,-1.0,-10.0,-3,-2,Status.Filled,
2026-07-07 13:16:00,MXF1!,BUY,1,TMFG6,202607,45665.0,45665.0,0.0,0.0,-2,-1,Status.Filled,
2026-07-07 21:54:20,MXF1!,BUY,1,TMFG6,202607,45457.0,45468.0,11.0,110.0,-1,0,Status.Filled,
2026-07-07 22:15:06,MXF1!,SELL,1,TMFG6,202607,45364.0,45373.0,-9.0,-90.0,0,-1,Status.Filled,
2026-07-07 22:22:49,MXF1!,SELL,1,TMFG6,202607,45307.0,45312.0,-5.0,-50.0,-1,-2,Status.Filled,
2026-07-07 22:25:04,MXF1!,SELL,1,TMFG6,202607,45260.0,45261.0,-1.0,-10.0,-2,-3,Status.Filled,
2026-07-07 22:40:04,MXF1!,SELL,1,TMFG6,202607,45159.0,45162.0,-3.0,-30.0,-3,-4,Status.Filled,
2026-07-07 22:40:33,MXF1!,BUY,1,TMFG6,202607,45148.0,45136.0,-12.0,-120.0,-4,-3,Status.Filled,
2026-07-07 22:45:04,MXF1!,SELL,1,TMFG6,202607,45107.0,45118.0,-11.0,-110.0,-3,-4,Status.Filled,
2026-07-08 00:15:10,MXF1!,BUY,2,TMFG6,202607,45334.0,45329.0,-5.0,-50.0,-4,-2,Status.Filled,
2026-07-08 08:50:04,MXF1!,BUY,2,TMFG6,202607,45712.0,45714.0,2.0,20.0,-2,0,Status.Filled,
2026-07-08 23:25:08,MXF1!,SELL,1,MXFG6,202607,45117.0,45121.0,-4.0,-200.0,0,-1,Status.Filled,
2026-07-09 21:25:08,MXF1!,BUY,1,MXFG6,202607,46232.0,46236.0,4.0,200.0,0,1,Status.Filled,
2026-07-09 21:40:05,MXF1!,BUY,1,MXFG6,202607,46389.0,46377.0,-12.0,-600.0,1,2,Status.Filled,
2026-07-09 21:55:04,MXF1!,BUY,1,MXFG6,202607,46389.0,46395.0,6.0,300.0,2,3,Status.Filled,
2026-07-10 02:05:11,MXF1!,SELL,1,MXFG6,202607,46396.0,46399.0,-3.0,-150.0,4,3,Status.Filled,
2026-07-10 02:25:11,MXF1!,SELL,1,MXFG6,202607,46366.0,46352.0,14.0,700.0,3,2,Status.Filled,
2026-07-10 03:55:05,MXF1!,SELL,2,MXFG6,202607,46180.0,46184.0,-4.0,-200.0,2,0,Status.Filled,
2026-07-13 08:55:05,MXF1!,SELL,3,MXFG6,202607,46033.0,46060.7,-27.7,-1385.0,2,-1,Status.Filled,
2026-07-13 09:01:23,MXF1!,BUY,1,MXFG6,202607,46190.0,46160.0,-30.0,-1500.0,-1,0,Status.Filled,
2026-07-13 09:25:03,MXF1!,SELL,1,MXFG6,202607,45955.0,45959.0,-4.0,-200.0,0,-1,Status.Filled,
2026-07-13 09:50:03,MXF1!,SELL,1,MXFG6,202607,45748.0,45725.0,23.0,1150.0,-1,-2,Status.Filled,
2026-07-13 09:55:03,MXF1!,SELL,1,MXFG6,202607,45675.0,45661.0,14.0,700.0,-2,-3,Status.Filled,
2026-07-13 09:56:11,MXF1!,BUY,1,MXFG6,202607,45609.0,45619.0,10.0,500.0,-3,-2,Status.Filled,
2026-07-13 11:45:04,MXF1!,SELL,1,MXFG6,202607,45588.0,45571.0,17.0,850.0,-2,-3,Status.Filled,
2026-07-13 12:03:50,MXF1!,BUY,1,MXFG6,202607,45389.0,45394.0,5.0,250.0,-3,-2,Status.Filled,
2026-07-13 12:05:04,MXF1!,SELL,1,MXFG6,202607,45393.0,45394.0,-1.0,-50.0,-2,-3,Status.Filled,
2026-07-13 13:10:04,MXF1!,BUY,1,MXFG6,202607,45710.0,45691.0,-19.0,-950.0,-3,-2,Status.Filled,
2026-07-13 16:55:13,MXF1!,BUY,2,MXFG6,202607,45849.0,45855.0,6.0,300.0,-2,0,Status.Filled,
2026-07-14 00:30:15,MXF1!,SELL,1,MXFG6,202607,45403.0,45379.0,24.0,1200.0,0,-1,Status.Filled,
2026-07-14 00:35:06,MXF1!,SELL,1,MXFG6,202607,45316.0,45319.0,-3.0,-150.0,-1,-2,Status.Filled,
2026-07-14 00:50:06,MXF1!,SELL,1,MXFG6,202607,45254.0,45254.0,0.0,0.0,-2,-3,Status.Filled,
2026-07-14 04:16:41,MXF1!,BUY,1,MXFG6,202607,45057.0,45062.0,5.0,250.0,-3,-2,Status.Filled,
2026-07-14 04:55:06,MXF1!,SELL,1,MXFG6,202607,45040.0,45041.0,-1.0,-50.0,-2,-3,Status.Filled,
2026-07-14 08:50:05,MXF1!,BUY,2,MXFG6,202607,45189.0,45213.5,24.5,1225.0,-3,-1,Status.Filled,
2026-07-14 08:50:31,MXF1!,BUY,1,MXFG6,202607,45244.0,45244.0,0.0,0.0,-1,0,Status.Filled,
2026-07-14 09:15:06,MXF1!,SELL,2,MXFG6,202607,44809.0,44741.0,68.0,3400.0,1,-1,Status.Filled,
2026-07-14 09:25:46,MXF1!,BUY,1,MXFG6,202607,45077.0,45085.0,8.0,400.0,-1,0,Status.Filled,
2026-07-14 09:55:04,MXF1!,SELL,1,MXFG6,202607,44608.0,44598.0,10.0,500.0,0,-1,Status.Filled,
2026-07-14 10:15:04,MXF1!,SELL,1,MXFG6,202607,44355.0,44348.0,7.0,350.0,-1,-2,Status.Filled,
2026-07-14 10:19:22,MXF1!,BUY,1,MXFG6,202607,44167.0,44172.0,5.0,250.0,-2,-1,Status.Filled,
2026-07-14 10:20:03,MXF1!,SELL,1,MXFG6,202607,44162.0,44175.0,-13.0,-650.0,-1,-2,Status.Filled,
2026-07-14 11:10:03,MXF1!,SELL,1,MXFG6,202607,44046.0,44054.0,-8.0,-400.0,-2,-3,Status.Filled,
2026-07-14 11:21:45,MXF1!,BUY,1,MXFG6,202607,43873.0,43874.0,1.0,50.0,-3,-2,Status.Filled,
2026-07-14 13:12:29,MXF1!,BUY,1,MXFG6,202607,44765.0,44770.0,5.0,250.0,-2,-1,Status.Filled,
2026-07-14 13:21:57,MXF1!,BUY,1,MXFG6,202607,44882.0,44882.0,0.0,0.0,-1,0,Status.Filled,
2026-07-15 04:50:09,MXF1!,SELL,1,MXFH6,202608,45320.0,45321.0,-1.0,-50.0,0,-1,Status.Filled,
2026-07-15 04:59:43,MXF1!,BUY,1,MXFH6,202608,45410.0,45417.0,7.0,350.0,-1,0,Status.Filled,
2026-07-15 09:30:07,MXF1!,BUY,1,MXFH6,202608,45858.0,45871.0,13.0,650.0,0,1,Status.Filled,
2026-07-15 11:30:05,MXF1!,BUY,1,MXFH6,202608,45980.0,45990.0,10.0,500.0,1,2,Status.Filled,
2026-07-15 11:50:05,MXF1!,BUY,1,MXFH6,202608,46099.0,46103.0,4.0,200.0,2,3,Status.Filled,
2026-07-15 15:00:22,MXF1!,SELL,1,MXFH6,202608,46234.0,46124.0,110.0,5500.0,3,2,Status.Filled,
2026-07-15 15:00:25,MXF1!,SELL,1,MXFH6,202608,46234.0,46130.0,104.0,5200.0,2,1,Status.Filled,
2026-07-15 20:10:07,MXF1!,SELL,1,MXFH6,202608,45910.0,45906.0,4.0,200.0,1,0,Status.Filled,
2026-07-15 21:05:10,MXF1!,BUY,1,MXFH6,202608,46134.0,46142.0,8.0,400.0,0,1,Status.Filled,
2026-07-15 21:33:33,MXF1!,SELL,1,MXFH6,202608,45980.0,45982.0,-2.0,-100.0,1,0,Status.Filled,
