received_at,ticker,target_pos,signal_price,order_action,order_comment,order_contracts,order_id,tv_timestamp,decision,raw_payload
2026-06-23T23:30:15+08:00,MXF1!,-1,46277,sell,S_Cmd,1,Short_Cmd,2026-06-23T15:30:00Z,EXECUTED:success,"{""ticker"": ""MXF1!"", ""target_pos"": -1, ""signal_price"": 46277, ""order_id"": ""Short_Cmd"", ""order_action"": ""sell"", ""order_comment"": ""S_Cmd"", ""order_contracts"": 1, ""timestamp"": ""2026-06-23T15:30:00Z""}"
2026-06-23T23:55:04+08:00,MXF1!,0,46451,buy,S_Cmd_Fast,1,Close entry(s) order Short_Cmd,2026-06-23T15:55:00Z,EXECUTED:success,"{""ticker"": ""MXF1!"", ""target_pos"": 0, ""signal_price"": 46451, ""order_id"": ""Close entry(s) order Short_Cmd"", ""order_action"": ""buy"", ""order_comment"": ""S_Cmd_Fast"", ""order_contracts"": 1, ""timestamp"": ""2026-06-23T15:55:00Z""}"
2026-06-24T10:50:04+08:00,MXF1!,-1,46141,sell,S_Cmd,1,Short_Cmd,2026-06-24T02:50:00Z,EXECUTED:success,"{""ticker"": ""MXF1!"", ""target_pos"": -1, ""signal_price"": 46141, ""order_id"": ""Short_Cmd"", ""order_action"": ""sell"", ""order_comment"": ""S_Cmd"", ""order_contracts"": 1, ""timestamp"": ""2026-06-24T02:50:00Z""}"
2026-06-24T12:40:03+08:00,MXF1!,0,46426,buy,S_Cmd_Fast,1,Close entry(s) order Short_Cmd,2026-06-24T04:40:00Z,EXECUTED:success,"{""ticker"": ""MXF1!"", ""target_pos"": 0, ""signal_price"": 46426, ""order_id"": ""Close entry(s) order Short_Cmd"", ""order_action"": ""buy"", ""order_comment"": ""S_Cmd_Fast"", ""order_contracts"": 1, ""timestamp"": ""2026-06-24T04:40:00Z""}"
2026-06-24T13:20:03+08:00,MXF1!,1,46608,buy,L_Cmd,1,Long_Cmd,2026-06-24T05:20:00Z,EXECUTED:success,"{""ticker"": ""MXF1!"", ""target_pos"": 1, ""signal_price"": 46608, ""order_id"": ""Long_Cmd"", ""order_action"": ""buy"", ""order_comment"": ""L_Cmd"", ""order_contracts"": 1, ""timestamp"": ""2026-06-24T05:20:00Z""}"
2026-06-24T13:30:01+08:00,MXF1!,0,46369,sell,Trend Rev,1,Close position order,2026-06-24T05:30:00Z,EXECUTED:success,"{""ticker"": ""MXF1!"", ""target_pos"": 0, ""signal_price"": 46369, ""order_id"": ""Close position order"", ""order_action"": ""sell"", ""order_comment"": ""Trend Rev"", ""order_contracts"": 1, ""timestamp"": ""2026-06-24T05:30:00Z""}"
2026-06-25T00:40:09+08:00,MXF1!,-1,45675,sell,S_Cmd,1,Short_Cmd,2026-06-24T16:40:00Z,EXECUTED:success,"{""ticker"": ""MXF1!"", ""target_pos"": -1, ""signal_price"": 45675, ""order_id"": ""Short_Cmd"", ""order_action"": ""sell"", ""order_comment"": ""S_Cmd"", ""order_contracts"": 1, ""timestamp"": ""2026-06-24T16:40:00Z""}"
2026-06-25T01:20:31+08:00,MXF1!,0,45398,buy,S_Exit,1,S_Exit,2026-06-24T17:20:00Z,EXECUTED:success,"{""ticker"": ""MXF1!"", ""target_pos"": 0, ""signal_price"": 45398, ""order_id"": ""S_Exit"", ""order_action"": ""buy"", ""order_comment"": ""S_Exit"", ""order_contracts"": 1, ""timestamp"": ""2026-06-24T17:20:00Z""}"
2026-06-26T03:15:14+08:00,MXF1!,-1,45555,sell,S_Cmd,1,Short_Cmd,2026-06-25T19:15:00Z,EXECUTED:success,"{""ticker"": ""MXF1!"", ""target_pos"": -1, ""signal_price"": 45555, ""order_id"": ""Short_Cmd"", ""order_action"": ""sell"", ""order_comment"": ""S_Cmd"", ""order_contracts"": 1, ""timestamp"": ""2026-06-25T19:15:00Z""}"
2026-06-26T04:00:30+08:00,MXF1!,0,45730,buy,S_Cmd_Fast,1,Close entry(s) order Short_Cmd,2026-06-25T20:00:00Z,EXECUTED:success,"{""ticker"": ""MXF1!"", ""target_pos"": 0, ""signal_price"": 45730, ""order_id"": ""Close entry(s) order Short_Cmd"", ""order_action"": ""buy"", ""order_comment"": ""S_Cmd_Fast"", ""order_contracts"": 1, ""timestamp"": ""2026-06-25T20:00:00Z""}"
2026-06-26T09:50:04+08:00,MXF1!,-1,45270,sell,S_Cmd,1,Short_Cmd,2026-06-26T01:50:00Z,EXECUTED:success,"{""ticker"": ""MXF1!"", ""target_pos"": -1, ""signal_price"": 45270, ""order_id"": ""Short_Cmd"", ""order_action"": ""sell"", ""order_comment"": ""S_Cmd"", ""order_contracts"": 1, ""timestamp"": ""2026-06-26T01:50:00Z""}"
2026-06-26T10:45:04+08:00,MXF1!,-2,45081,sell,S_Add,1,Short_Add,2026-06-26T02:45:00Z,EXECUTED:success,"{""ticker"": ""MXF1!"", ""target_pos"": -2, ""signal_price"": 45081, ""order_id"": ""Short_Add"", ""order_action"": ""sell"", ""order_comment"": ""S_Add"", ""order_contracts"": 1, ""timestamp"": ""2026-06-26T02:45:00Z""}"
2026-06-26T10:50:05+08:00,MXF1!,-3,45022,sell,S_Add,1,Short_Add,2026-06-26T02:50:00Z,EXECUTED:success,"{""ticker"": ""MXF1!"", ""target_pos"": -3, ""signal_price"": 45022, ""order_id"": ""Short_Add"", ""order_action"": ""sell"", ""order_comment"": ""S_Add"", ""order_contracts"": 1, ""timestamp"": ""2026-06-26T02:50:00Z""}"
2026-06-26T11:05:03+08:00,MXF1!,-4,44862,sell,S_G_進,1,Short_G,2026-06-26T03:05:00Z,EXECUTED:success,"{""ticker"": ""MXF1!"", ""target_pos"": -4, ""signal_price"": 44862, ""order_id"": ""Short_G"", ""order_action"": ""sell"", ""order_comment"": ""S_G_進"", ""order_contracts"": 1, ""timestamp"": ""2026-06-26T03:05:00Z""}"
2026-06-26T11:06:14+08:00,MXF1!,-3,44818,buy,S_Exit,1,S_Exit,2026-06-26T03:05:00Z,EXECUTED:success,"{""ticker"": ""MXF1!"", ""target_pos"": -3, ""signal_price"": 44818, ""order_id"": ""S_Exit"", ""order_action"": ""buy"", ""order_comment"": ""S_Exit"", ""order_contracts"": 1, ""timestamp"": ""2026-06-26T03:05:00Z""}"
2026-06-26T11:06:42+08:00,MXF1!,-2,44771,buy,S_Exit_G,1,S_Exit_G,2026-06-26T03:05:00Z,EXECUTED:success,"{""ticker"": ""MXF1!"", ""target_pos"": -2, ""signal_price"": 44771, ""order_id"": ""S_Exit_G"", ""order_action"": ""buy"", ""order_comment"": ""S_Exit_G"", ""order_contracts"": 1, ""timestamp"": ""2026-06-26T03:05:00Z""}"
2026-06-26T11:09:57+08:00,MXF1!,-1,44649,buy,S_Exit_Add,1,S_Exit_Add,2026-06-26T03:05:00Z,EXECUTED:success,"{""ticker"": ""MXF1!"", ""target_pos"": -1, ""signal_price"": 44649, ""order_id"": ""S_Exit_Add"", ""order_action"": ""buy"", ""order_comment"": ""S_Exit_Add"", ""order_contracts"": 1, ""timestamp"": ""2026-06-26T03:05:00Z""}"
2026-06-26T11:10:03+08:00,MXF1!,-2,44660,sell,S_Add,1,Short_Add,2026-06-26T03:10:00Z,EXECUTED:success,"{""ticker"": ""MXF1!"", ""target_pos"": -2, ""signal_price"": 44660, ""order_id"": ""Short_Add"", ""order_action"": ""sell"", ""order_comment"": ""S_Add"", ""order_contracts"": 1, ""timestamp"": ""2026-06-26T03:10:00Z""}"
2026-06-26T11:12:40+08:00,MXF1!,-1,44592,buy,S_Exit_Add,1,S_Exit_Add,2026-06-26T03:10:00Z,EXECUTED:success,"{""ticker"": ""MXF1!"", ""target_pos"": -1, ""signal_price"": 44592, ""order_id"": ""S_Exit_Add"", ""order_action"": ""buy"", ""order_comment"": ""S_Exit_Add"", ""order_contracts"": 1, ""timestamp"": ""2026-06-26T03:10:00Z""}"
2026-06-26T13:45:00+08:00,MXF1!,-2,44411,sell,S_Add,1,Short_Add,2026-06-26T05:45:00Z,REJECT_MARKET_CLOSED,"{""ticker"": ""MXF1!"", ""target_pos"": -2, ""signal_price"": 44411, ""order_id"": ""Short_Add"", ""order_action"": ""sell"", ""order_comment"": ""S_Add"", ""order_contracts"": 1, ""timestamp"": ""2026-06-26T05:45:00Z""}"
2026-06-26T16:55:13+08:00,MXF1!,-1,44205,buy,S_Exit_Add,1,S_Exit_Add,2026-06-26T08:55:00Z,EXECUTED:success,"{""ticker"": ""MXF1!"", ""target_pos"": -1, ""signal_price"": 44205, ""order_id"": ""S_Exit_Add"", ""order_action"": ""buy"", ""order_comment"": ""S_Exit_Add"", ""order_contracts"": 1, ""timestamp"": ""2026-06-26T08:55:00Z""}"
2026-06-26T22:05:15+08:00,MXF1!,0,44747,buy,Trend Rev,1,Close position order,2026-06-26T14:05:00Z,EXECUTED:success,"{""ticker"": ""MXF1!"", ""target_pos"": 0, ""signal_price"": 44747, ""order_id"": ""Close position order"", ""order_action"": ""buy"", ""order_comment"": ""Trend Rev"", ""order_contracts"": 1, ""timestamp"": ""2026-06-26T14:05:00Z""}"
2026-06-29T08:50:04+08:00,MXF1!,-1,44550,sell,S_Cmd,1,Short_Cmd,2026-06-29T00:50:00Z,EXECUTED:success,"{""ticker"": ""MXF1!"", ""target_pos"": -1, ""signal_price"": 44550, ""order_id"": ""Short_Cmd"", ""order_action"": ""sell"", ""order_comment"": ""S_Cmd"", ""order_contracts"": 1, ""timestamp"": ""2026-06-29T00:50:00Z""}"
2026-06-29T08:56:11+08:00,MXF1!,0,44853,buy,S_Exit,1,S_Exit,2026-06-29T00:55:00Z,EXECUTED:success,"{""ticker"": ""MXF1!"", ""target_pos"": 0, ""signal_price"": 44853, ""order_id"": ""S_Exit"", ""order_action"": ""buy"", ""order_comment"": ""S_Exit"", ""order_contracts"": 1, ""timestamp"": ""2026-06-29T00:55:00Z""}"
2026-06-29T11:45:05+08:00,MXF1!,-1,45063,sell,S_Cmd,1,Short_Cmd,2026-06-29T03:45:00Z,EXECUTED:success,"{""ticker"": ""MXF1!"", ""target_pos"": -1, ""signal_price"": 45063, ""order_id"": ""Short_Cmd"", ""order_action"": ""sell"", ""order_comment"": ""S_Cmd"", ""order_contracts"": 1, ""timestamp"": ""2026-06-29T03:45:00Z""}"
2026-06-29T11:50:03+08:00,MXF1!,0,45176,buy,Trend Rev,1,Close position order,2026-06-29T03:50:00Z,EXECUTED:success,"{""ticker"": ""MXF1!"", ""target_pos"": 0, ""signal_price"": 45176, ""order_id"": ""Close position order"", ""order_action"": ""buy"", ""order_comment"": ""Trend Rev"", ""order_contracts"": 1, ""timestamp"": ""2026-06-29T03:50:00Z""}"
2026-06-29T21:45:14+08:00,MXF1!,1,45950,buy,L_Cmd,1,Long_Cmd,2026-06-29T13:45:00Z,EXECUTED:success,"{""ticker"": ""MXF1!"", ""target_pos"": 1, ""signal_price"": 45950, ""order_id"": ""Long_Cmd"", ""order_action"": ""buy"", ""order_comment"": ""L_Cmd"", ""order_contracts"": 1, ""timestamp"": ""2026-06-29T13:45:00Z""}"
2026-06-29T21:56:27+08:00,MXF1!,0,45708,sell,L_Exit,1,L_Exit,2026-06-29T13:55:00Z,EXECUTED:success,"{""ticker"": ""MXF1!"", ""target_pos"": 0, ""signal_price"": 45708, ""order_id"": ""L_Exit"", ""order_action"": ""sell"", ""order_comment"": ""L_Exit"", ""order_contracts"": 1, ""timestamp"": ""2026-06-29T13:55:00Z""}"
2026-06-30T00:15:11+08:00,MXF1!,1,46214,buy,L_Cmd,1,Long_Cmd,2026-06-29T16:15:00Z,EXECUTED:success,"{""ticker"": ""MXF1!"", ""target_pos"": 1, ""signal_price"": 46214, ""order_id"": ""Long_Cmd"", ""order_action"": ""buy"", ""order_comment"": ""L_Cmd"", ""order_contracts"": 1, ""timestamp"": ""2026-06-29T16:15:00Z""}"
2026-06-30T01:00:09+08:00,MXF1!,2,46366,buy,L_Add,1,Long_Add,2026-06-29T17:00:00Z,EXECUTED:success,"{""ticker"": ""MXF1!"", ""target_pos"": 2, ""signal_price"": 46366, ""order_id"": ""Long_Add"", ""order_action"": ""buy"", ""order_comment"": ""L_Add"", ""order_contracts"": 1, ""timestamp"": ""2026-06-29T17:00:00Z""}"
2026-06-30T08:45:13+08:00,MXF1!,1,45908,sell,L_Exit_Add,1,L_Exit_Add,2026-06-30T00:45:00Z,EXECUTED:success,"{""ticker"": ""MXF1!"", ""target_pos"": 1, ""signal_price"": 45908, ""order_id"": ""L_Exit_Add"", ""order_action"": ""sell"", ""order_comment"": ""L_Exit_Add"", ""order_contracts"": 1, ""timestamp"": ""2026-06-30T00:45:00Z""}"
2026-06-30T08:50:03+08:00,MXF1!,0,46125,sell,L_Cmd_Fast,1,Close entry(s) order Long_Cmd,2026-06-30T00:50:00Z,EXECUTED:success,"{""ticker"": ""MXF1!"", ""target_pos"": 0, ""signal_price"": 46125, ""order_id"": ""Close entry(s) order Long_Cmd"", ""order_action"": ""sell"", ""order_comment"": ""L_Cmd_Fast"", ""order_contracts"": 1, ""timestamp"": ""2026-06-30T00:50:00Z""}"
2026-06-30T09:20:04+08:00,MXF1!,1,46542,buy,L_Cmd,1,Long_Cmd,2026-06-30T01:20:00Z,EXECUTED:success,"{""ticker"": ""MXF1!"", ""target_pos"": 1, ""signal_price"": 46542, ""order_id"": ""Long_Cmd"", ""order_action"": ""buy"", ""order_comment"": ""L_Cmd"", ""order_contracts"": 1, ""timestamp"": ""2026-06-30T01:20:00Z""}"
2026-06-30T10:15:03+08:00,MXF1!,0,46343,sell,L_Cmd_Fast,1,Close entry(s) order Long_Cmd,2026-06-30T02:15:00Z,EXECUTED:success,"{""ticker"": ""MXF1!"", ""target_pos"": 0, ""signal_price"": 46343, ""order_id"": ""Close entry(s) order Long_Cmd"", ""order_action"": ""sell"", ""order_comment"": ""L_Cmd_Fast"", ""order_contracts"": 1, ""timestamp"": ""2026-06-30T02:15:00Z""}"
2026-06-30T21:55:10+08:00,MXF1!,1,47024,buy,L_Cmd,1,Long_Cmd,2026-06-30T13:55:00Z,EXECUTED:success,"{""ticker"": ""MXF1!"", ""target_pos"": 1, ""signal_price"": 47024, ""order_id"": ""Long_Cmd"", ""order_action"": ""buy"", ""order_comment"": ""L_Cmd"", ""order_contracts"": 1, ""timestamp"": ""2026-06-30T13:55:00Z""}"
2026-06-30T22:05:06+08:00,MXF1!,2,47180,buy,L_Add,1,Long_Add,2026-06-30T14:05:00Z,EXECUTED:success,"{""ticker"": ""MXF1!"", ""target_pos"": 2, ""signal_price"": 47180, ""order_id"": ""Long_Add"", ""order_action"": ""buy"", ""order_comment"": ""L_Add"", ""order_contracts"": 1, ""timestamp"": ""2026-06-30T14:05:00Z""}"
2026-06-30T22:20:06+08:00,MXF1!,3,47259,buy,L_Add,1,Long_Add,2026-06-30T14:20:00Z,EXECUTED:success,"{""ticker"": ""MXF1!"", ""target_pos"": 3, ""signal_price"": 47259, ""order_id"": ""Long_Add"", ""order_action"": ""buy"", ""order_comment"": ""L_Add"", ""order_contracts"": 1, ""timestamp"": ""2026-06-30T14:20:00Z""}"
2026-06-30T22:25:05+08:00,MXF1!,4,47290,buy,L_G_進,1,Long_G,2026-06-30T14:25:00Z,EXECUTED:success,"{""ticker"": ""MXF1!"", ""target_pos"": 4, ""signal_price"": 47290, ""order_id"": ""Long_G"", ""order_action"": ""buy"", ""order_comment"": ""L_G_進"", ""order_contracts"": 1, ""timestamp"": ""2026-06-30T14:25:00Z""}"
2026-07-01T00:48:50+08:00,MXF1!,3,47418,sell,L_Exit_G,1,L_Exit_G,2026-06-30T16:45:00Z,EXECUTED:success,"{""ticker"": ""MXF1!"", ""target_pos"": 3, ""signal_price"": 47418, ""order_id"": ""L_Exit_G"", ""order_action"": ""sell"", ""order_comment"": ""L_Exit_G"", ""order_contracts"": 1, ""timestamp"": ""2026-06-30T16:45:00Z""}"
2026-07-01T00:49:09+08:00,MXF1!,2,47420,sell,L_Exit,1,L_Exit,2026-06-30T16:45:00Z,EXECUTED:success,"{""ticker"": ""MXF1!"", ""target_pos"": 2, ""signal_price"": 47420, ""order_id"": ""L_Exit"", ""order_action"": ""sell"", ""order_comment"": ""L_Exit"", ""order_contracts"": 1, ""timestamp"": ""2026-06-30T16:45:00Z""}"
2026-07-01T00:50:01+08:00,MXF1!,2,47430,sell,L_Exit_Add,1,L_Exit_Add,2026-06-30T16:50:00Z,EXECUTED:success,"{""ticker"": ""MXF1!"", ""target_pos"": 2, ""signal_price"": 47430, ""order_id"": ""L_Exit_Add"", ""order_action"": ""sell"", ""order_comment"": ""L_Exit_Add"", ""order_contracts"": 1, ""timestamp"": ""2026-06-30T16:50:00Z""}"
2026-07-01T00:50:04+08:00,MXF1!,3,47430,buy,L_Add,1,Long_Add,2026-06-30T16:50:00Z,EXECUTED:success,"{""ticker"": ""MXF1!"", ""target_pos"": 3, ""signal_price"": 47430, ""order_id"": ""Long_Add"", ""order_action"": ""buy"", ""order_comment"": ""L_Add"", ""order_contracts"": 1, ""timestamp"": ""2026-06-30T16:50:00Z""}"
2026-07-01T02:21:26+08:00,MXF1!,1,47472,sell,L_Exit_Add,1,L_Exit_Add,2026-06-30T18:20:00Z,EXECUTED:success,"{""ticker"": ""MXF1!"", ""target_pos"": 1, ""signal_price"": 47472, ""order_id"": ""L_Exit_Add"", ""order_action"": ""sell"", ""order_comment"": ""L_Exit_Add"", ""order_contracts"": 1, ""timestamp"": ""2026-06-30T18:20:00Z""}"
2026-07-01T08:50:05+08:00,MXF1!,2,47546,buy,L_Add,1,Long_Add,2026-07-01T00:50:00Z,EXECUTED:success,"{""ticker"": ""MXF1!"", ""target_pos"": 2, ""signal_price"": 47546, ""order_id"": ""Long_Add"", ""order_action"": ""buy"", ""order_comment"": ""L_Add"", ""order_contracts"": 1, ""timestamp"": ""2026-07-01T00:50:00Z""}"
2026-07-01T08:51:09+08:00,MXF1!,1,47578,sell,L_Exit_Add,1,L_Exit_Add,2026-07-01T00:50:00Z,EXECUTED:success,"{""ticker"": ""MXF1!"", ""target_pos"": 1, ""signal_price"": 47578, ""order_id"": ""L_Exit_Add"", ""order_action"": ""sell"", ""order_comment"": ""L_Exit_Add"", ""order_contracts"": 1, ""timestamp"": ""2026-07-01T00:50:00Z""}"
2026-07-01T09:08:23+08:00,MXF1!,0,47336,sell,L_Exit_Add,1,L_Exit_Add,2026-07-01T01:05:00Z,EXECUTED:success,"{""ticker"": ""MXF1!"", ""target_pos"": 0, ""signal_price"": 47336, ""order_id"": ""L_Exit_Add"", ""order_action"": ""sell"", ""order_comment"": ""L_Exit_Add"", ""order_contracts"": 1, ""timestamp"": ""2026-07-01T01:05:00Z""}"
2026-07-02T08:50:04+08:00,MXF1!,-1,46028,sell,S_Cmd,1,Short_Cmd,2026-07-02T00:50:00Z,EXECUTED:success,"{""ticker"": ""MXF1!"", ""target_pos"": -1, ""signal_price"": 46028, ""order_id"": ""Short_Cmd"", ""order_action"": ""sell"", ""order_comment"": ""S_Cmd"", ""order_contracts"": 1, ""timestamp"": ""2026-07-02T00:50:00Z""}"
2026-07-02T09:01:07+08:00,MXF1!,0,46224,buy,S_Exit,1,S_Exit,2026-07-02T01:00:00Z,EXECUTED:success,"{""ticker"": ""MXF1!"", ""target_pos"": 0, ""signal_price"": 46224, ""order_id"": ""S_Exit"", ""order_action"": ""buy"", ""order_comment"": ""S_Exit"", ""order_contracts"": 1, ""timestamp"": ""2026-07-02T01:00:00Z""}"
2026-07-02T09:55:03+08:00,MXF1!,1,46774,buy,L_Cmd,1,Long_Cmd,2026-07-02T01:55:00Z,EXECUTED:success,"{""ticker"": ""MXF1!"", ""target_pos"": 1, ""signal_price"": 46774, ""order_id"": ""Long_Cmd"", ""order_action"": ""buy"", ""order_comment"": ""L_Cmd"", ""order_contracts"": 1, ""timestamp"": ""2026-07-02T01:55:00Z""}"
2026-07-02T11:25:03+08:00,MXF1!,0,46616,sell,Trend Rev,1,Close position order,2026-07-02T03:25:00Z,EXECUTED:success,"{""ticker"": ""MXF1!"", ""target_pos"": 0, ""signal_price"": 46616, ""order_id"": ""Close position order"", ""order_action"": ""sell"", ""order_comment"": ""Trend Rev"", ""order_contracts"": 1, ""timestamp"": ""2026-07-02T03:25:00Z""}"
2026-07-02T21:50:09+08:00,MXF1!,1,47085,buy,L_Cmd,1,Long_Cmd,2026-07-02T13:50:00Z,EXECUTED:success,"{""ticker"": ""MXF1!"", ""target_pos"": 1, ""signal_price"": 47085, ""order_id"": ""Long_Cmd"", ""order_action"": ""buy"", ""order_comment"": ""L_Cmd"", ""order_contracts"": 1, ""timestamp"": ""2026-07-02T13:50:00Z""}"
2026-07-02T22:27:29+08:00,MXF1!,0,46704,sell,L_Exit,1,L_Exit,2026-07-02T14:25:00Z,EXECUTED:success,"{""ticker"": ""MXF1!"", ""target_pos"": 0, ""signal_price"": 46704, ""order_id"": ""L_Exit"", ""order_action"": ""sell"", ""order_comment"": ""L_Exit"", ""order_contracts"": 1, ""timestamp"": ""2026-07-02T14:25:00Z""}"
2026-07-02T23:20:06+08:00,MXF1!,-1,46218,sell,S_Cmd,1,Short_Cmd,2026-07-02T15:20:00Z,EXECUTED:success,"{""ticker"": ""MXF1!"", ""target_pos"": -1, ""signal_price"": 46218, ""order_id"": ""Short_Cmd"", ""order_action"": ""sell"", ""order_comment"": ""S_Cmd"", ""order_contracts"": 1, ""timestamp"": ""2026-07-02T15:20:00Z""}"
2026-07-03T00:25:11+08:00,MXF1!,-2,46016,sell,S_Add,1,Short_Add,2026-07-02T16:25:00Z,EXECUTED:success,"{""ticker"": ""MXF1!"", ""target_pos"": -2, ""signal_price"": 46016, ""order_id"": ""Short_Add"", ""order_action"": ""sell"", ""order_comment"": ""S_Add"", ""order_contracts"": 1, ""timestamp"": ""2026-07-02T16:25:00Z""}"
2026-07-03T00:30:05+08:00,MXF1!,-3,45904,sell,S_Add,1,Short_Add,2026-07-02T16:30:00Z,EXECUTED:success,"{""ticker"": ""MXF1!"", ""target_pos"": -3, ""signal_price"": 45904, ""order_id"": ""Short_Add"", ""order_action"": ""sell"", ""order_comment"": ""S_Add"", ""order_contracts"": 1, ""timestamp"": ""2026-07-02T16:30:00Z""}"
2026-07-03T00:35:05+08:00,MXF1!,-4,45825,sell,S_G_進,1,Short_G,2026-07-02T16:35:00Z,EXECUTED:success,"{""ticker"": ""MXF1!"", ""target_pos"": -4, ""signal_price"": 45825, ""order_id"": ""Short_G"", ""order_action"": ""sell"", ""order_comment"": ""S_G_進"", ""order_contracts"": 1, ""timestamp"": ""2026-07-02T16:35:00Z""}"
2026-07-03T00:50:11+08:00,MXF1!,-3,45659,buy,S_Exit,1,S_Exit,2026-07-02T16:50:00Z,EXECUTED:success,"{""ticker"": ""MXF1!"", ""target_pos"": -3, ""signal_price"": 45659, ""order_id"": ""S_Exit"", ""order_action"": ""buy"", ""order_comment"": ""S_Exit"", ""order_contracts"": 1, ""timestamp"": ""2026-07-02T16:50:00Z""}"
2026-07-03T00:55:05+08:00,MXF1!,-4,45698,sell,S_G_進,1,Short_G,2026-07-02T16:55:00Z,EXECUTED:success,"{""ticker"": ""MXF1!"", ""target_pos"": -4, ""signal_price"": 45698, ""order_id"": ""Short_G"", ""order_action"": ""sell"", ""order_comment"": ""S_G_進"", ""order_contracts"": 1, ""timestamp"": ""2026-07-02T16:55:00Z""}"
2026-07-03T00:56:07+08:00,MXF1!,-3,45572,buy,S_Exit_G,1,S_Exit_G,2026-07-02T16:55:00Z,EXECUTED:success,"{""ticker"": ""MXF1!"", ""target_pos"": -3, ""signal_price"": 45572, ""order_id"": ""S_Exit_G"", ""order_action"": ""buy"", ""order_comment"": ""S_Exit_G"", ""order_contracts"": 1, ""timestamp"": ""2026-07-02T16:55:00Z""}"
2026-07-03T01:01:28+08:00,MXF1!,-2,45527,buy,S_Exit_Add,1,S_Exit_Add,2026-07-02T17:00:00Z,EXECUTED:success,"{""ticker"": ""MXF1!"", ""target_pos"": -2, ""signal_price"": 45527, ""order_id"": ""S_Exit_Add"", ""order_action"": ""buy"", ""order_comment"": ""S_Exit_Add"", ""order_contracts"": 1, ""timestamp"": ""2026-07-02T17:00:00Z""}"
2026-07-03T01:38:44+08:00,MXF1!,-1,45474,buy,S_Exit_G,1,S_Exit_G,2026-07-02T17:35:00Z,EXECUTED:success,"{""ticker"": ""MXF1!"", ""target_pos"": -1, ""signal_price"": 45474, ""order_id"": ""S_Exit_G"", ""order_action"": ""buy"", ""order_comment"": ""S_Exit_G"", ""order_contracts"": 1, ""timestamp"": ""2026-07-02T17:35:00Z""}"
2026-07-03T01:40:34+08:00,MXF1!,0,45444,buy,S_Exit_Add,1,S_Exit_Add,2026-07-02T17:40:00Z,EXECUTED:success,"{""ticker"": ""MXF1!"", ""target_pos"": 0, ""signal_price"": 45444, ""order_id"": ""S_Exit_Add"", ""order_action"": ""buy"", ""order_comment"": ""S_Exit_Add"", ""order_contracts"": 1, ""timestamp"": ""2026-07-02T17:40:00Z""}"
2026-07-03T09:40:04+08:00,MXF1!,1,46380,buy,L_Cmd,1,Long_Cmd,2026-07-03T01:40:00Z,EXECUTED:success,"{""ticker"": ""MXF1!"", ""target_pos"": 1, ""signal_price"": 46380, ""order_id"": ""Long_Cmd"", ""order_action"": ""buy"", ""order_comment"": ""L_Cmd"", ""order_contracts"": 1, ""timestamp"": ""2026-07-03T01:40:00Z""}"
2026-07-03T10:10:07+08:00,MXF1!,2,46539,buy,L_Add,1,Long_Add,2026-07-03T02:10:00Z,EXECUTED:success,"{""ticker"": ""MXF1!"", ""target_pos"": 2, ""signal_price"": 46539, ""order_id"": ""Long_Add"", ""order_action"": ""buy"", ""order_comment"": ""L_Add"", ""order_contracts"": 1, ""timestamp"": ""2026-07-03T02:10:00Z""}"
2026-07-03T10:30:04+08:00,MXF1!,3,46641,buy,L_Add,1,Long_Add,2026-07-03T02:30:00Z,EXECUTED:success,"{""ticker"": ""MXF1!"", ""target_pos"": 3, ""signal_price"": 46641, ""order_id"": ""Long_Add"", ""order_action"": ""buy"", ""order_comment"": ""L_Add"", ""order_contracts"": 1, ""timestamp"": ""2026-07-03T02:30:00Z""}"
2026-07-03T12:00:05+08:00,MXF1!,4,46755,buy,L_G_進,1,Long_G,2026-07-03T04:00:00Z,EXECUTED:success,"{""ticker"": ""MXF1!"", ""target_pos"": 4, ""signal_price"": 46755, ""order_id"": ""Long_G"", ""order_action"": ""buy"", ""order_comment"": ""L_G_進"", ""order_contracts"": 1, ""timestamp"": ""2026-07-03T04:00:00Z""}"
2026-07-03T12:09:17+08:00,MXF1!,3,46838,sell,L_Exit_G,1,L_Exit_G,2026-07-03T04:05:00Z,EXECUTED:success,"{""ticker"": ""MXF1!"", ""target_pos"": 3, ""signal_price"": 46838, ""order_id"": ""L_Exit_G"", ""order_action"": ""sell"", ""order_comment"": ""L_Exit_G"", ""order_contracts"": 1, ""timestamp"": ""2026-07-03T04:05:00Z""}"
2026-07-03T12:10:03+08:00,MXF1!,4,46836,buy,L_G_進,1,Long_G,2026-07-03T04:10:00Z,EXECUTED:success,"{""ticker"": ""MXF1!"", ""target_pos"": 4, ""signal_price"": 46836, ""order_id"": ""Long_G"", ""order_action"": ""buy"", ""order_comment"": ""L_G_進"", ""order_contracts"": 1, ""timestamp"": ""2026-07-03T04:10:00Z""}"
2026-07-03T12:15:24+08:00,MXF1!,3,46922,sell,L_Exit_G,1,L_Exit_G,2026-07-03T04:15:00Z,EXECUTED:success,"{""ticker"": ""MXF1!"", ""target_pos"": 3, ""signal_price"": 46922, ""order_id"": ""L_Exit_G"", ""order_action"": ""sell"", ""order_comment"": ""L_Exit_G"", ""order_contracts"": 1, ""timestamp"": ""2026-07-03T04:15:00Z""}"
2026-07-03T12:20:03+08:00,MXF1!,4,46943,buy,L_G_進,1,Long_G,2026-07-03T04:20:00Z,EXECUTED:success,"{""ticker"": ""MXF1!"", ""target_pos"": 4, ""signal_price"": 46943, ""order_id"": ""Long_G"", ""order_action"": ""buy"", ""order_comment"": ""L_G_進"", ""order_contracts"": 1, ""timestamp"": ""2026-07-03T04:20:00Z""}"
2026-07-03T12:43:29+08:00,MXF1!,1,47025,sell,L_Exit_G,1,L_Exit_G,2026-07-03T04:40:00Z,EXECUTED:success,"{""ticker"": ""MXF1!"", ""target_pos"": 1, ""signal_price"": 47025, ""order_id"": ""L_Exit_G"", ""order_action"": ""sell"", ""order_comment"": ""L_Exit_G"", ""order_contracts"": 1, ""timestamp"": ""2026-07-03T04:40:00Z""}"
2026-07-03T12:43:32+08:00,MXF1!,3,47025,sell,L_Exit,1,L_Exit,2026-07-03T04:40:00Z,EXECUTED:success,"{""ticker"": ""MXF1!"", ""target_pos"": 3, ""signal_price"": 47025, ""order_id"": ""L_Exit"", ""order_action"": ""sell"", ""order_comment"": ""L_Exit"", ""order_contracts"": 1, ""timestamp"": ""2026-07-03T04:40:00Z""}"
2026-07-03T12:43:35+08:00,MXF1!,2,47025,sell,L_Exit_Add,1,L_Exit_Add,2026-07-03T04:40:00Z,EXECUTED:success,"{""ticker"": ""MXF1!"", ""target_pos"": 2, ""signal_price"": 47025, ""order_id"": ""L_Exit_Add"", ""order_action"": ""sell"", ""order_comment"": ""L_Exit_Add"", ""order_contracts"": 1, ""timestamp"": ""2026-07-03T04:40:00Z""}"
2026-07-03T19:33:12+08:00,MXF1!,0,47166,sell,L_Exit_Add,1,L_Exit_Add,2026-07-03T11:30:00Z,EXECUTED:success,"{""ticker"": ""MXF1!"", ""target_pos"": 0, ""signal_price"": 47166, ""order_id"": ""L_Exit_Add"", ""order_action"": ""sell"", ""order_comment"": ""L_Exit_Add"", ""order_contracts"": 1, ""timestamp"": ""2026-07-03T11:30:00Z""}"
2026-07-03T22:00:14+08:00,MXF1!,1,47299,buy,L_Cmd,1,Long_Cmd,2026-07-03T14:00:00Z,EXECUTED:success,"{""ticker"": ""MXF1!"", ""target_pos"": 1, ""signal_price"": 47299, ""order_id"": ""Long_Cmd"", ""order_action"": ""buy"", ""order_comment"": ""L_Cmd"", ""order_contracts"": 1, ""timestamp"": ""2026-07-03T14:00:00Z""}"
2026-07-03T23:00:04+08:00,MXF1!,2,47390,buy,L_Add,1,Long_Add,2026-07-03T15:00:00Z,EXECUTED:success,"{""ticker"": ""MXF1!"", ""target_pos"": 2, ""signal_price"": 47390, ""order_id"": ""Long_Add"", ""order_action"": ""buy"", ""order_comment"": ""L_Add"", ""order_contracts"": 1, ""timestamp"": ""2026-07-03T15:00:00Z""}"
2026-07-03T23:15:07+08:00,MXF1!,3,47447,buy,L_Add,1,Long_Add,2026-07-03T15:15:00Z,EXECUTED:success,"{""ticker"": ""MXF1!"", ""target_pos"": 3, ""signal_price"": 47447, ""order_id"": ""Long_Add"", ""order_action"": ""buy"", ""order_comment"": ""L_Add"", ""order_contracts"": 1, ""timestamp"": ""2026-07-03T15:15:00Z""}"
2026-07-03T23:20:06+08:00,MXF1!,4,47439,buy,L_G_進,1,Long_G,2026-07-03T15:20:00Z,EXECUTED:success,"{""ticker"": ""MXF1!"", ""target_pos"": 4, ""signal_price"": 47439, ""order_id"": ""Long_G"", ""order_action"": ""buy"", ""order_comment"": ""L_G_進"", ""order_contracts"": 1, ""timestamp"": ""2026-07-03T15:20:00Z""}"
2026-07-04T01:40:08+08:00,MXF1!,3,47361,sell,L_G_Cut,1,Close entry(s) order Long_G,2026-07-03T17:40:00Z,EXECUTED:success,"{""ticker"": ""MXF1!"", ""target_pos"": 3, ""signal_price"": 47361, ""order_id"": ""Close entry(s) order Long_G"", ""order_action"": ""sell"", ""order_comment"": ""L_G_Cut"", ""order_contracts"": 1, ""timestamp"": ""2026-07-03T17:40:00Z""}"
2026-07-04T01:45:08+08:00,MXF1!,2,47296,sell,L_Cmd_Fast,1,Close entry(s) order Long_Cmd,2026-07-03T17:45:00Z,EXECUTED:success,"{""ticker"": ""MXF1!"", ""target_pos"": 2, ""signal_price"": 47296, ""order_id"": ""Close entry(s) order Long_Cmd"", ""order_action"": ""sell"", ""order_comment"": ""L_Cmd_Fast"", ""order_contracts"": 1, ""timestamp"": ""2026-07-03T17:45:00Z""}"
2026-07-04T02:02:56+08:00,MXF1!,1,47223,sell,L_Exit_Add,1,L_Exit_Add,2026-07-03T18:00:00Z,EXECUTED:success,"{""ticker"": ""MXF1!"", ""target_pos"": 1, ""signal_price"": 47223, ""order_id"": ""L_Exit_Add"", ""order_action"": ""sell"", ""order_comment"": ""L_Exit_Add"", ""order_contracts"": 1, ""timestamp"": ""2026-07-03T18:00:00Z""}"
2026-07-04T03:57:53+08:00,MXF1!,0,47167,sell,L_Exit_Add,1,L_Exit_Add,2026-07-03T19:55:00Z,EXECUTED:success,"{""ticker"": ""MXF1!"", ""target_pos"": 0, ""signal_price"": 47167, ""order_id"": ""L_Exit_Add"", ""order_action"": ""sell"", ""order_comment"": ""L_Exit_Add"", ""order_contracts"": 1, ""timestamp"": ""2026-07-03T19:55:00Z""}"
2026-07-06T08:50:04+08:00,MXF1!,1,47324,buy,L_Cmd,1,Long_Cmd,2026-07-06T00:50:00Z,EXECUTED:success,"{""ticker"": ""MXF1!"", ""target_pos"": 1, ""signal_price"": 47324, ""order_id"": ""Long_Cmd"", ""order_action"": ""buy"", ""order_comment"": ""L_Cmd"", ""order_contracts"": 1, ""timestamp"": ""2026-07-06T00:50:00Z""}"
2026-07-06T09:05:20+08:00,MXF1!,0,47174,sell,L_Cmd_Fast,1,Close entry(s) order Long_Cmd,2026-07-06T01:05:00Z,EXECUTED:warning,"{""ticker"": ""MXF1!"", ""target_pos"": 0, ""signal_price"": 47174, ""order_id"": ""Close entry(s) order Long_Cmd"", ""order_action"": ""sell"", ""order_comment"": ""L_Cmd_Fast"", ""order_contracts"": 1, ""timestamp"": ""2026-07-06T01:05:00Z""}"
2026-07-06T21:35:03+08:00,MXF1!,1,47112,buy,L_Cmd,1,Long_Cmd,2026-07-06T13:35:00Z,EXECUTED:success,"{""ticker"": ""MXF1!"", ""target_pos"": 1, ""signal_price"": 47112, ""order_id"": ""Long_Cmd"", ""order_action"": ""buy"", ""order_comment"": ""L_Cmd"", ""order_contracts"": 1, ""timestamp"": ""2026-07-06T13:35:00Z""}"
2026-07-06T21:45:11+08:00,MXF1!,2,47228,buy,L_Add,1,Long_Add,2026-07-06T13:45:00Z,EXECUTED:success,"{""ticker"": ""MXF1!"", ""target_pos"": 2, ""signal_price"": 47228, ""order_id"": ""Long_Add"", ""order_action"": ""buy"", ""order_comment"": ""L_Add"", ""order_contracts"": 1, ""timestamp"": ""2026-07-06T13:45:00Z""}"
2026-07-06T21:55:06+08:00,MXF1!,3,47268,buy,L_Add,1,Long_Add,2026-07-06T13:55:00Z,EXECUTED:success,"{""ticker"": ""MXF1!"", ""target_pos"": 3, ""signal_price"": 47268, ""order_id"": ""Long_Add"", ""order_action"": ""buy"", ""order_comment"": ""L_Add"", ""order_contracts"": 1, ""timestamp"": ""2026-07-06T13:55:00Z""}"
2026-07-06T22:10:06+08:00,MXF1!,4,47348,buy,L_G_進,1,Long_G,2026-07-06T14:10:00Z,EXECUTED:success,"{""ticker"": ""MXF1!"", ""target_pos"": 4, ""signal_price"": 47348, ""order_id"": ""Long_G"", ""order_action"": ""buy"", ""order_comment"": ""L_G_進"", ""order_contracts"": 1, ""timestamp"": ""2026-07-06T14:10:00Z""}"
2026-07-06T22:16:36+08:00,MXF1!,3,47489,sell,L_Exit_G,1,L_Exit_G,2026-07-06T14:15:00Z,EXECUTED:success,"{""ticker"": ""MXF1!"", ""target_pos"": 3, ""signal_price"": 47489, ""order_id"": ""L_Exit_G"", ""order_action"": ""sell"", ""order_comment"": ""L_Exit_G"", ""order_contracts"": 1, ""timestamp"": ""2026-07-06T14:15:00Z""}"
2026-07-06T22:20:05+08:00,MXF1!,4,47420,buy,L_G_進,1,Long_G,2026-07-06T14:20:00Z,EXECUTED:success,"{""ticker"": ""MXF1!"", ""target_pos"": 4, ""signal_price"": 47420, ""order_id"": ""Long_G"", ""order_action"": ""buy"", ""order_comment"": ""L_G_進"", ""order_contracts"": 1, ""timestamp"": ""2026-07-06T14:20:00Z""}"
2026-07-07T00:55:14+08:00,MXF1!,3,47313,sell,L_G_Cut,1,Close entry(s) order Long_G,2026-07-06T16:55:00Z,EXECUTED:success,"{""ticker"": ""MXF1!"", ""target_pos"": 3, ""signal_price"": 47313, ""order_id"": ""Close entry(s) order Long_G"", ""order_action"": ""sell"", ""order_comment"": ""L_G_Cut"", ""order_contracts"": 1, ""timestamp"": ""2026-07-06T16:55:00Z""}"
2026-07-07T01:30:03+08:00,MXF1!,2,47279,sell,L_Cmd_Fast,1,Close entry(s) order Long_Cmd,2026-07-06T17:30:00Z,EXECUTED:success,"{""ticker"": ""MXF1!"", ""target_pos"": 2, ""signal_price"": 47279, ""order_id"": ""Close entry(s) order Long_Cmd"", ""order_action"": ""sell"", ""order_comment"": ""L_Cmd_Fast"", ""order_contracts"": 1, ""timestamp"": ""2026-07-06T17:30:00Z""}"
2026-07-07T08:46:28+08:00,MXF1!,1,46810,sell,L_Exit_Add,1,L_Exit_Add,2026-07-07T00:45:00Z,EXECUTED:success,"{""ticker"": ""MXF1!"", ""target_pos"": 1, ""signal_price"": 46810, ""order_id"": ""L_Exit_Add"", ""order_action"": ""sell"", ""order_comment"": ""L_Exit_Add"", ""order_contracts"": 1, ""timestamp"": ""2026-07-07T00:45:00Z""}"
2026-07-07T08:46:40+08:00,MXF1!,0,46770,sell,L_Exit_Add,1,L_Exit_Add,2026-07-07T00:45:00Z,EXECUTED:success,"{""ticker"": ""MXF1!"", ""target_pos"": 0, ""signal_price"": 46770, ""order_id"": ""L_Exit_Add"", ""order_action"": ""sell"", ""order_comment"": ""L_Exit_Add"", ""order_contracts"": 1, ""timestamp"": ""2026-07-07T00:45:00Z""}"
2026-07-07T11:00:04+08:00,MXF1!,-1,46608,sell,S_Cmd,1,Short_Cmd,2026-07-07T03:00:00Z,EXECUTED:success,"{""ticker"": ""MXF1!"", ""target_pos"": -1, ""signal_price"": 46608, ""order_id"": ""Short_Cmd"", ""order_action"": ""sell"", ""order_comment"": ""S_Cmd"", ""order_contracts"": 1, ""timestamp"": ""2026-07-07T03:00:00Z""}"
2026-07-07T11:20:03+08:00,MXF1!,-2,46402,sell,S_Add,1,Short_Add,2026-07-07T03:20:00Z,EXECUTED:success,"{""ticker"": ""MXF1!"", ""target_pos"": -2, ""signal_price"": 46402, ""order_id"": ""Short_Add"", ""order_action"": ""sell"", ""order_comment"": ""S_Add"", ""order_contracts"": 1, ""timestamp"": ""2026-07-07T03:20:00Z""}"
2026-07-07T11:24:11+08:00,MXF1!,-1,46219,buy,S_Exit,1,S_Exit,2026-07-07T03:20:00Z,EXECUTED:success,"{""ticker"": ""MXF1!"", ""target_pos"": -1, ""signal_price"": 46219, ""order_id"": ""S_Exit"", ""order_action"": ""buy"", ""order_comment"": ""S_Exit"", ""order_contracts"": 1, ""timestamp"": ""2026-07-07T03:20:00Z""}"
2026-07-07T11:25:03+08:00,MXF1!,-2,46227,sell,S_Add,1,Short_Add,2026-07-07T03:25:00Z,EXECUTED:success,"{""ticker"": ""MXF1!"", ""target_pos"": -2, ""signal_price"": 46227, ""order_id"": ""Short_Add"", ""order_action"": ""sell"", ""order_comment"": ""S_Add"", ""order_contracts"": 1, ""timestamp"": ""2026-07-07T03:25:00Z""}"
2026-07-07T11:30:03+08:00,MXF1!,-3,46134,sell,S_Add,1,Short_Add,2026-07-07T03:30:00Z,EXECUTED:success,"{""ticker"": ""MXF1!"", ""target_pos"": -3, ""signal_price"": 46134, ""order_id"": ""Short_Add"", ""order_action"": ""sell"", ""order_comment"": ""S_Add"", ""order_contracts"": 1, ""timestamp"": ""2026-07-07T03:30:00Z""}"
2026-07-07T11:45:04+08:00,MXF1!,-4,46122,sell,S_G_進,1,Short_G,2026-07-07T03:45:00Z,EXECUTED:success,"{""ticker"": ""MXF1!"", ""target_pos"": -4, ""signal_price"": 46122, ""order_id"": ""Short_G"", ""order_action"": ""sell"", ""order_comment"": ""S_G_進"", ""order_contracts"": 1, ""timestamp"": ""2026-07-07T03:45:00Z""}"
2026-07-07T11:46:37+08:00,MXF1!,-3,46020,buy,S_Exit_G,1,S_Exit_G,2026-07-07T03:45:00Z,EXECUTED:success,"{""ticker"": ""MXF1!"", ""target_pos"": -3, ""signal_price"": 46020, ""order_id"": ""S_Exit_G"", ""order_action"": ""buy"", ""order_comment"": ""S_Exit_G"", ""order_contracts"": 1, ""timestamp"": ""2026-07-07T03:45:00Z""}"
2026-07-07T11:55:04+08:00,MXF1!,-4,46036,sell,S_G_進,1,Short_G,2026-07-07T03:55:00Z,EXECUTED:success,"{""ticker"": ""MXF1!"", ""target_pos"": -4, ""signal_price"": 46036, ""order_id"": ""Short_G"", ""order_action"": ""sell"", ""order_comment"": ""S_G_進"", ""order_contracts"": 1, ""timestamp"": ""2026-07-07T03:55:00Z""}"
2026-07-07T12:14:06+08:00,MXF1!,-3,45985,buy,S_Exit_Add,1,S_Exit_Add,2026-07-07T04:10:00Z,EXECUTED:success,"{""ticker"": ""MXF1!"", ""target_pos"": -3, ""signal_price"": 45985, ""order_id"": ""S_Exit_Add"", ""order_action"": ""buy"", ""order_comment"": ""S_Exit_Add"", ""order_contracts"": 1, ""timestamp"": ""2026-07-07T04:10:00Z""}"
2026-07-07T12:17:19+08:00,MXF1!,-2,45921,buy,S_Exit_G,1,S_Exit_G,2026-07-07T04:15:00Z,EXECUTED:success,"{""ticker"": ""MXF1!"", ""target_pos"": -2, ""signal_price"": 45921, ""order_id"": ""S_Exit_G"", ""order_action"": ""buy"", ""order_comment"": ""S_Exit_G"", ""order_contracts"": 1, ""timestamp"": ""2026-07-07T04:15:00Z""}"
2026-07-07T12:20:03+08:00,MXF1!,-3,45899,sell,S_Add,1,Short_Add,2026-07-07T04:20:00Z,EXECUTED:success,"{""ticker"": ""MXF1!"", ""target_pos"": -3, ""signal_price"": 45899, ""order_id"": ""Short_Add"", ""order_action"": ""sell"", ""order_comment"": ""S_Add"", ""order_contracts"": 1, ""timestamp"": ""2026-07-07T04:20:00Z""}"
2026-07-07T12:25:04+08:00,MXF1!,-4,45861,sell,S_G_進,1,Short_G,2026-07-07T04:25:00Z,EXECUTED:success,"{""ticker"": ""MXF1!"", ""target_pos"": -4, ""signal_price"": 45861, ""order_id"": ""Short_G"", ""order_action"": ""sell"", ""order_comment"": ""S_G_進"", ""order_contracts"": 1, ""timestamp"": ""2026-07-07T04:25:00Z""}"
2026-07-07T12:26:05+08:00,MXF1!,-3,45792,buy,S_Exit_Add,1,S_Exit_Add,2026-07-07T04:25:00Z,EXECUTED:success,"{""ticker"": ""MXF1!"", ""target_pos"": -3, ""signal_price"": 45792, ""order_id"": ""S_Exit_Add"", ""order_action"": ""buy"", ""order_comment"": ""S_Exit_Add"", ""order_contracts"": 1, ""timestamp"": ""2026-07-07T04:25:00Z""}"
2026-07-07T13:05:03+08:00,MXF1!,-4,45769,sell,S_G_進,1,Short_G,2026-07-07T05:05:00Z,EXECUTED:success,"{""ticker"": ""MXF1!"", ""target_pos"": -4, ""signal_price"": 45769, ""order_id"": ""Short_G"", ""order_action"": ""sell"", ""order_comment"": ""S_G_進"", ""order_contracts"": 1, ""timestamp"": ""2026-07-07T05:05:00Z""}"
2026-07-07T13:08:35+08:00,MXF1!,-3,45759,buy,S_Exit_G,1,S_Exit_G,2026-07-07T05:05:00Z,EXECUTED:success,"{""ticker"": ""MXF1!"", ""target_pos"": -3, ""signal_price"": 45759, ""order_id"": ""S_Exit_G"", ""order_action"": ""buy"", ""order_comment"": ""S_Exit_G"", ""order_contracts"": 1, ""timestamp"": ""2026-07-07T05:05:00Z""}"
2026-07-07T13:14:36+08:00,MXF1!,-2,45706,buy,S_Exit_Add,1,S_Exit_Add,2026-07-07T05:10:00Z,EXECUTED:success,"{""ticker"": ""MXF1!"", ""target_pos"": -2, ""signal_price"": 45706, ""order_id"": ""S_Exit_Add"", ""order_action"": ""buy"", ""order_comment"": ""S_Exit_Add"", ""order_contracts"": 1, ""timestamp"": ""2026-07-07T05:10:00Z""}"
2026-07-07T13:16:00+08:00,MXF1!,-1,45665,buy,S_Exit_G,1,S_Exit_G,2026-07-07T05:15:00Z,EXECUTED:success,"{""ticker"": ""MXF1!"", ""target_pos"": -1, ""signal_price"": 45665, ""order_id"": ""S_Exit_G"", ""order_action"": ""buy"", ""order_comment"": ""S_Exit_G"", ""order_contracts"": 1, ""timestamp"": ""2026-07-07T05:15:00Z""}"
2026-07-07T21:54:21+08:00,MXF1!,0,45457,buy,S_Exit_Add,1,S_Exit_Add,2026-07-07T13:50:00Z,EXECUTED:success,"{""ticker"": ""MXF1!"", ""target_pos"": 0, ""signal_price"": 45457, ""order_id"": ""S_Exit_Add"", ""order_action"": ""buy"", ""order_comment"": ""S_Exit_Add"", ""order_contracts"": 1, ""timestamp"": ""2026-07-07T13:50:00Z""}"
2026-07-07T22:15:06+08:00,MXF1!,-1,45364,sell,S_Cmd,1,Short_Cmd,2026-07-07T14:15:00Z,EXECUTED:success,"{""ticker"": ""MXF1!"", ""target_pos"": -1, ""signal_price"": 45364, ""order_id"": ""Short_Cmd"", ""order_action"": ""sell"", ""order_comment"": ""S_Cmd"", ""order_contracts"": 1, ""timestamp"": ""2026-07-07T14:15:00Z""}"
2026-07-07T22:22:49+08:00,MXF1!,-2,45307,buy,S_Exit_Add,1,S_Exit_Add,2026-07-07T14:20:00Z,EXECUTED:success,"{""ticker"": ""MXF1!"", ""target_pos"": -2, ""signal_price"": 45307, ""order_id"": ""S_Exit_Add"", ""order_action"": ""buy"", ""order_comment"": ""S_Exit_Add"", ""order_contracts"": 1, ""timestamp"": ""2026-07-07T14:20:00Z""}"
2026-07-07T22:25:04+08:00,MXF1!,-3,45260,sell,S_Add,1,Short_Add,2026-07-07T14:25:00Z,EXECUTED:success,"{""ticker"": ""MXF1!"", ""target_pos"": -3, ""signal_price"": 45260, ""order_id"": ""Short_Add"", ""order_action"": ""sell"", ""order_comment"": ""S_Add"", ""order_contracts"": 1, ""timestamp"": ""2026-07-07T14:25:00Z""}"
2026-07-07T22:40:04+08:00,MXF1!,-4,45159,sell,S_G_進,1,Short_G,2026-07-07T14:40:00Z,EXECUTED:success,"{""ticker"": ""MXF1!"", ""target_pos"": -4, ""signal_price"": 45159, ""order_id"": ""Short_G"", ""order_action"": ""sell"", ""order_comment"": ""S_G_進"", ""order_contracts"": 1, ""timestamp"": ""2026-07-07T14:40:00Z""}"
2026-07-07T22:40:33+08:00,MXF1!,-3,45148,buy,S_Exit_Add,1,S_Exit_Add,2026-07-07T14:40:00Z,EXECUTED:success,"{""ticker"": ""MXF1!"", ""target_pos"": -3, ""signal_price"": 45148, ""order_id"": ""S_Exit_Add"", ""order_action"": ""buy"", ""order_comment"": ""S_Exit_Add"", ""order_contracts"": 1, ""timestamp"": ""2026-07-07T14:40:00Z""}"
2026-07-07T22:45:04+08:00,MXF1!,-4,45107,sell,S_G_進,1,Short_G,2026-07-07T14:45:00Z,EXECUTED:success,"{""ticker"": ""MXF1!"", ""target_pos"": -4, ""signal_price"": 45107, ""order_id"": ""Short_G"", ""order_action"": ""sell"", ""order_comment"": ""S_G_進"", ""order_contracts"": 1, ""timestamp"": ""2026-07-07T14:45:00Z""}"
2026-07-08T00:15:10+08:00,MXF1!,-2,45334,buy,S_G_Cut,2,Close entry(s) order Short_G,2026-07-07T16:15:00Z,EXECUTED:success,"{""ticker"": ""MXF1!"", ""target_pos"": -2, ""signal_price"": 45334, ""order_id"": ""Close entry(s) order Short_G"", ""order_action"": ""buy"", ""order_comment"": ""S_G_Cut"", ""order_contracts"": 2, ""timestamp"": ""2026-07-07T16:15:00Z""}"
2026-07-08T08:50:04+08:00,MXF1!,0,45712,buy,Trend Rev,1,Close position order,2026-07-08T00:50:00Z,EXECUTED:success,"{""ticker"": ""MXF1!"", ""target_pos"": 0, ""signal_price"": 45712, ""order_id"": ""Close position order"", ""order_action"": ""buy"", ""order_comment"": ""Trend Rev"", ""order_contracts"": 1, ""timestamp"": ""2026-07-08T00:50:00Z""}"
2026-07-08T23:25:08+08:00,MXF1!,-1,45117,sell,S_Cmd,1,Short_Cmd,2026-07-08T15:25:00Z,EXECUTED:success,"{""ticker"": ""MXF1!"", ""target_pos"": -1, ""signal_price"": 45117, ""order_id"": ""Short_Cmd"", ""order_action"": ""sell"", ""order_comment"": ""S_Cmd"", ""order_contracts"": 1, ""timestamp"": ""2026-07-08T15:25:00Z""}"
2026-07-09T21:25:09+08:00,MXF1!,1,46232,buy,L_Cmd,1,Long_Cmd,2026-07-09T13:25:00Z,EXECUTED:success,"{""ticker"": ""MXF1!"", ""target_pos"": 1, ""signal_price"": 46232, ""order_id"": ""Long_Cmd"", ""order_action"": ""buy"", ""order_comment"": ""L_Cmd"", ""order_contracts"": 1, ""timestamp"": ""2026-07-09T13:25:00Z""}"
2026-07-09T21:40:06+08:00,MXF1!,2,46389,buy,L_Add,1,Long_Add,2026-07-09T13:40:00Z,EXECUTED:success,"{""ticker"": ""MXF1!"", ""target_pos"": 2, ""signal_price"": 46389, ""order_id"": ""Long_Add"", ""order_action"": ""buy"", ""order_comment"": ""L_Add"", ""order_contracts"": 1, ""timestamp"": ""2026-07-09T13:40:00Z""}"
2026-07-09T21:55:05+08:00,MXF1!,3,46389,buy,L_Add,1,Long_Add,2026-07-09T13:55:00Z,EXECUTED:success,"{""ticker"": ""MXF1!"", ""target_pos"": 3, ""signal_price"": 46389, ""order_id"": ""Long_Add"", ""order_action"": ""buy"", ""order_comment"": ""L_Add"", ""order_contracts"": 1, ""timestamp"": ""2026-07-09T13:55:00Z""}"
2026-07-09T22:05:02+08:00,MXF1!,4,46420,buy,L_G_進,1,Long_G,2026-07-09T14:05:00Z,EXECUTED:success,"{""ticker"": ""MXF1!"", ""target_pos"": 4, ""signal_price"": 46420, ""order_id"": ""Long_G"", ""order_action"": ""buy"", ""order_comment"": ""L_G_進"", ""order_contracts"": 1, ""timestamp"": ""2026-07-09T14:05:00Z""}"
2026-07-10T02:05:12+08:00,MXF1!,3,46396,sell,L_G_Cut,1,Close entry(s) order Long_G,2026-07-09T18:05:00Z,EXECUTED:success,"{""ticker"": ""MXF1!"", ""target_pos"": 3, ""signal_price"": 46396, ""order_id"": ""Close entry(s) order Long_G"", ""order_action"": ""sell"", ""order_comment"": ""L_G_Cut"", ""order_contracts"": 1, ""timestamp"": ""2026-07-09T18:05:00Z""}"
2026-07-10T02:25:11+08:00,MXF1!,2,46366,sell,L_Cmd_Fast,1,Close entry(s) order Long_Cmd,2026-07-09T18:25:00Z,EXECUTED:success,"{""ticker"": ""MXF1!"", ""target_pos"": 2, ""signal_price"": 46366, ""order_id"": ""Close entry(s) order Long_Cmd"", ""order_action"": ""sell"", ""order_comment"": ""L_Cmd_Fast"", ""order_contracts"": 1, ""timestamp"": ""2026-07-09T18:25:00Z""}"
2026-07-10T03:55:05+08:00,MXF1!,0,46180,sell,Trend Rev,2,Close position order,2026-07-09T19:55:00Z,EXECUTED:success,"{""ticker"": ""MXF1!"", ""target_pos"": 0, ""signal_price"": 46180, ""order_id"": ""Close position order"", ""order_action"": ""sell"", ""order_comment"": ""Trend Rev"", ""order_contracts"": 2, ""timestamp"": ""2026-07-09T19:55:00Z""}"
2026-07-13T08:55:05+08:00,MXF1!,-1,46033,sell,S_Cmd,1,Short_Cmd,2026-07-13T00:55:00Z,EXECUTED:success,"{""ticker"": ""MXF1!"", ""target_pos"": -1, ""signal_price"": 46033, ""order_id"": ""Short_Cmd"", ""order_action"": ""sell"", ""order_comment"": ""S_Cmd"", ""order_contracts"": 1, ""timestamp"": ""2026-07-13T00:55:00Z""}"
2026-07-13T09:01:24+08:00,MXF1!,0,46190,buy,S_Exit,1,S_Exit,2026-07-13T01:00:00Z,EXECUTED:success,"{""ticker"": ""MXF1!"", ""target_pos"": 0, ""signal_price"": 46190, ""order_id"": ""S_Exit"", ""order_action"": ""buy"", ""order_comment"": ""S_Exit"", ""order_contracts"": 1, ""timestamp"": ""2026-07-13T01:00:00Z""}"
2026-07-13T09:25:04+08:00,MXF1!,-1,45955,sell,S_Cmd,1,Short_Cmd,2026-07-13T01:25:00Z,EXECUTED:success,"{""ticker"": ""MXF1!"", ""target_pos"": -1, ""signal_price"": 45955, ""order_id"": ""Short_Cmd"", ""order_action"": ""sell"", ""order_comment"": ""S_Cmd"", ""order_contracts"": 1, ""timestamp"": ""2026-07-13T01:25:00Z""}"
2026-07-13T09:50:03+08:00,MXF1!,-2,45748,sell,S_Add,1,Short_Add,2026-07-13T01:50:00Z,EXECUTED:success,"{""ticker"": ""MXF1!"", ""target_pos"": -2, ""signal_price"": 45748, ""order_id"": ""Short_Add"", ""order_action"": ""sell"", ""order_comment"": ""S_Add"", ""order_contracts"": 1, ""timestamp"": ""2026-07-13T01:50:00Z""}"
2026-07-13T09:55:04+08:00,MXF1!,-3,45675,sell,S_Add,1,Short_Add,2026-07-13T01:55:00Z,EXECUTED:success,"{""ticker"": ""MXF1!"", ""target_pos"": -3, ""signal_price"": 45675, ""order_id"": ""Short_Add"", ""order_action"": ""sell"", ""order_comment"": ""S_Add"", ""order_contracts"": 1, ""timestamp"": ""2026-07-13T01:55:00Z""}"
2026-07-13T09:56:11+08:00,MXF1!,-2,45609,buy,S_Exit,1,S_Exit,2026-07-13T01:55:00Z,EXECUTED:success,"{""ticker"": ""MXF1!"", ""target_pos"": -2, ""signal_price"": 45609, ""order_id"": ""S_Exit"", ""order_action"": ""buy"", ""order_comment"": ""S_Exit"", ""order_contracts"": 1, ""timestamp"": ""2026-07-13T01:55:00Z""}"
2026-07-13T11:45:04+08:00,MXF1!,-3,45588,sell,S_Add,1,Short_Add,2026-07-13T03:45:00Z,EXECUTED:success,"{""ticker"": ""MXF1!"", ""target_pos"": -3, ""signal_price"": 45588, ""order_id"": ""Short_Add"", ""order_action"": ""sell"", ""order_comment"": ""S_Add"", ""order_contracts"": 1, ""timestamp"": ""2026-07-13T03:45:00Z""}"
2026-07-13T12:00:01+08:00,MXF1!,-4,45512,sell,S_G_進,1,Short_G,2026-07-13T04:00:00Z,EXECUTED:success,"{""ticker"": ""MXF1!"", ""target_pos"": -4, ""signal_price"": 45512, ""order_id"": ""Short_G"", ""order_action"": ""sell"", ""order_comment"": ""S_G_進"", ""order_contracts"": 1, ""timestamp"": ""2026-07-13T04:00:00Z""}"
2026-07-13T12:02:52+08:00,MXF1!,-3,45419,buy,S_Exit_G,1,S_Exit_G,2026-07-13T04:00:00Z,EXECUTED:success,"{""ticker"": ""MXF1!"", ""target_pos"": -3, ""signal_price"": 45419, ""order_id"": ""S_Exit_G"", ""order_action"": ""buy"", ""order_comment"": ""S_Exit_G"", ""order_contracts"": 1, ""timestamp"": ""2026-07-13T04:00:00Z""}"
2026-07-13T12:03:51+08:00,MXF1!,-2,45389,buy,S_Exit_Add,1,S_Exit_Add,2026-07-13T04:00:00Z,EXECUTED:success,"{""ticker"": ""MXF1!"", ""target_pos"": -2, ""signal_price"": 45389, ""order_id"": ""S_Exit_Add"", ""order_action"": ""buy"", ""order_comment"": ""S_Exit_Add"", ""order_contracts"": 1, ""timestamp"": ""2026-07-13T04:00:00Z""}"
2026-07-13T12:05:04+08:00,MXF1!,-3,45393,sell,S_Add,1,Short_Add,2026-07-13T04:05:00Z,EXECUTED:success,"{""ticker"": ""MXF1!"", ""target_pos"": -3, ""signal_price"": 45393, ""order_id"": ""Short_Add"", ""order_action"": ""sell"", ""order_comment"": ""S_Add"", ""order_contracts"": 1, ""timestamp"": ""2026-07-13T04:05:00Z""}"
2026-07-13T12:10:02+08:00,MXF1!,-4,45348,sell,S_G_進,1,Short_G,2026-07-13T04:10:00Z,EXECUTED:success,"{""ticker"": ""MXF1!"", ""target_pos"": -4, ""signal_price"": 45348, ""order_id"": ""Short_G"", ""order_action"": ""sell"", ""order_comment"": ""S_G_進"", ""order_contracts"": 1, ""timestamp"": ""2026-07-13T04:10:00Z""}"
2026-07-13T12:10:49+08:00,MXF1!,-3,45297,buy,S_Exit_Add,1,S_Exit_Add,2026-07-13T04:10:00Z,EXECUTED:success,"{""ticker"": ""MXF1!"", ""target_pos"": -3, ""signal_price"": 45297, ""order_id"": ""S_Exit_Add"", ""order_action"": ""buy"", ""order_comment"": ""S_Exit_Add"", ""order_contracts"": 1, ""timestamp"": ""2026-07-13T04:10:00Z""}"
2026-07-13T13:10:04+08:00,MXF1!,-2,45710,buy,S_G_Cut,1,Close entry(s) order Short_G,2026-07-13T05:10:00Z,EXECUTED:success,"{""ticker"": ""MXF1!"", ""target_pos"": -2, ""signal_price"": 45710, ""order_id"": ""Close entry(s) order Short_G"", ""order_action"": ""buy"", ""order_comment"": ""S_G_Cut"", ""order_contracts"": 1, ""timestamp"": ""2026-07-13T05:10:00Z""}"
2026-07-13T16:55:13+08:00,MXF1!,0,45849,buy,Trend Rev,2,Close position order,2026-07-13T08:55:00Z,EXECUTED:success,"{""ticker"": ""MXF1!"", ""target_pos"": 0, ""signal_price"": 45849, ""order_id"": ""Close position order"", ""order_action"": ""buy"", ""order_comment"": ""Trend Rev"", ""order_contracts"": 2, ""timestamp"": ""2026-07-13T08:55:00Z""}"
2026-07-14T00:30:15+08:00,MXF1!,-1,45403,sell,S_Cmd,1,Short_Cmd,2026-07-13T16:30:00Z,EXECUTED:success,"{""ticker"": ""MXF1!"", ""target_pos"": -1, ""signal_price"": 45403, ""order_id"": ""Short_Cmd"", ""order_action"": ""sell"", ""order_comment"": ""S_Cmd"", ""order_contracts"": 1, ""timestamp"": ""2026-07-13T16:30:00Z""}"
2026-07-14T00:35:07+08:00,MXF1!,-2,45316,sell,S_Add,1,Short_Add,2026-07-13T16:35:00Z,EXECUTED:success,"{""ticker"": ""MXF1!"", ""target_pos"": -2, ""signal_price"": 45316, ""order_id"": ""Short_Add"", ""order_action"": ""sell"", ""order_comment"": ""S_Add"", ""order_contracts"": 1, ""timestamp"": ""2026-07-13T16:35:00Z""}"
2026-07-14T00:50:06+08:00,MXF1!,-3,45254,sell,S_Add,1,Short_Add,2026-07-13T16:50:00Z,EXECUTED:success,"{""ticker"": ""MXF1!"", ""target_pos"": -3, ""signal_price"": 45254, ""order_id"": ""Short_Add"", ""order_action"": ""sell"", ""order_comment"": ""S_Add"", ""order_contracts"": 1, ""timestamp"": ""2026-07-13T16:50:00Z""}"
2026-07-14T03:15:05+08:00,MXF1!,-4,45244,sell,S_G_進,1,Short_G,2026-07-13T19:15:00Z,EXECUTED:success,"{""ticker"": ""MXF1!"", ""target_pos"": -4, ""signal_price"": 45244, ""order_id"": ""Short_G"", ""order_action"": ""sell"", ""order_comment"": ""S_G_進"", ""order_contracts"": 1, ""timestamp"": ""2026-07-13T19:15:00Z""}"
2026-07-14T03:20:29+08:00,MXF1!,-3,45148,buy,S_Exit,1,S_Exit,2026-07-13T19:20:00Z,EXECUTED:success,"{""ticker"": ""MXF1!"", ""target_pos"": -3, ""signal_price"": 45148, ""order_id"": ""S_Exit"", ""order_action"": ""buy"", ""order_comment"": ""S_Exit"", ""order_contracts"": 1, ""timestamp"": ""2026-07-13T19:20:00Z""}"
2026-07-14T03:25:05+08:00,MXF1!,-4,45171,sell,S_G_進,1,Short_G,2026-07-13T19:25:00Z,EXECUTED:success,"{""ticker"": ""MXF1!"", ""target_pos"": -4, ""signal_price"": 45171, ""order_id"": ""Short_G"", ""order_action"": ""sell"", ""order_comment"": ""S_G_進"", ""order_contracts"": 1, ""timestamp"": ""2026-07-13T19:25:00Z""}"
2026-07-14T03:26:33+08:00,MXF1!,-3,45146,buy,S_Exit_G,1,S_Exit_G,2026-07-13T19:25:00Z,EXECUTED:success,"{""ticker"": ""MXF1!"", ""target_pos"": -3, ""signal_price"": 45146, ""order_id"": ""S_Exit_G"", ""order_action"": ""buy"", ""order_comment"": ""S_Exit_G"", ""order_contracts"": 1, ""timestamp"": ""2026-07-13T19:25:00Z""}"
2026-07-14T04:15:04+08:00,MXF1!,-4,45100,sell,S_G_進,1,Short_G,2026-07-13T20:15:00Z,EXECUTED:success,"{""ticker"": ""MXF1!"", ""target_pos"": -4, ""signal_price"": 45100, ""order_id"": ""Short_G"", ""order_action"": ""sell"", ""order_comment"": ""S_G_進"", ""order_contracts"": 1, ""timestamp"": ""2026-07-13T20:15:00Z""}"
2026-07-14T04:15:51+08:00,MXF1!,-3,45076,buy,S_Exit_G,1,S_Exit_G,2026-07-13T20:15:00Z,EXECUTED:success,"{""ticker"": ""MXF1!"", ""target_pos"": -3, ""signal_price"": 45076, ""order_id"": ""S_Exit_G"", ""order_action"": ""buy"", ""order_comment"": ""S_Exit_G"", ""order_contracts"": 1, ""timestamp"": ""2026-07-13T20:15:00Z""}"
2026-07-14T04:16:41+08:00,MXF1!,-2,45057,buy,S_Exit_Add,1,S_Exit_Add,2026-07-13T20:15:00Z,EXECUTED:success,"{""ticker"": ""MXF1!"", ""target_pos"": -2, ""signal_price"": 45057, ""order_id"": ""S_Exit_Add"", ""order_action"": ""buy"", ""order_comment"": ""S_Exit_Add"", ""order_contracts"": 1, ""timestamp"": ""2026-07-13T20:15:00Z""}"
2026-07-14T04:55:03+08:00,MXF1!,-2,45042,buy,S_Exit_Add,1,S_Exit_Add,2026-07-13T20:55:00Z,EXECUTED:success,"{""ticker"": ""MXF1!"", ""target_pos"": -2, ""signal_price"": 45042, ""order_id"": ""S_Exit_Add"", ""order_action"": ""buy"", ""order_comment"": ""S_Exit_Add"", ""order_contracts"": 1, ""timestamp"": ""2026-07-13T20:55:00Z""}"
2026-07-14T04:55:06+08:00,MXF1!,-3,45040,sell,S_Add,1,Short_Add,2026-07-13T20:55:00Z,EXECUTED:success,"{""ticker"": ""MXF1!"", ""target_pos"": -3, ""signal_price"": 45040, ""order_id"": ""Short_Add"", ""order_action"": ""sell"", ""order_comment"": ""S_Add"", ""order_contracts"": 1, ""timestamp"": ""2026-07-13T20:55:00Z""}"
2026-07-14T08:50:05+08:00,MXF1!,-1,45189,buy,S_G_Cut,1,Close entry(s) order Short_G,2026-07-14T00:50:00Z,EXECUTED:success,"{""ticker"": ""MXF1!"", ""target_pos"": -1, ""signal_price"": 45189, ""order_id"": ""Close entry(s) order Short_G"", ""order_action"": ""buy"", ""order_comment"": ""S_G_Cut"", ""order_contracts"": 1, ""timestamp"": ""2026-07-14T00:50:00Z""}"
2026-07-14T08:50:31+08:00,MXF1!,0,45244,buy,S_Exit_Add,1,S_Exit_Add,2026-07-14T00:50:00Z,EXECUTED:success,"{""ticker"": ""MXF1!"", ""target_pos"": 0, ""signal_price"": 45244, ""order_id"": ""S_Exit_Add"", ""order_action"": ""buy"", ""order_comment"": ""S_Exit_Add"", ""order_contracts"": 1, ""timestamp"": ""2026-07-14T00:50:00Z""}"
2026-07-14T09:15:06+08:00,MXF1!,-1,44809,sell,S_Cmd,1,Short_Cmd,2026-07-14T01:15:00Z,EXECUTED:success,"{""ticker"": ""MXF1!"", ""target_pos"": -1, ""signal_price"": 44809, ""order_id"": ""Short_Cmd"", ""order_action"": ""sell"", ""order_comment"": ""S_Cmd"", ""order_contracts"": 1, ""timestamp"": ""2026-07-14T01:15:00Z""}"
2026-07-14T09:25:46+08:00,MXF1!,0,45077,buy,S_Exit,1,S_Exit,2026-07-14T01:25:00Z,EXECUTED:success,"{""ticker"": ""MXF1!"", ""target_pos"": 0, ""signal_price"": 45077, ""order_id"": ""S_Exit"", ""order_action"": ""buy"", ""order_comment"": ""S_Exit"", ""order_contracts"": 1, ""timestamp"": ""2026-07-14T01:25:00Z""}"
2026-07-14T09:55:04+08:00,MXF1!,-1,44608,sell,S_Cmd,1,Short_Cmd,2026-07-14T01:55:00Z,EXECUTED:success,"{""ticker"": ""MXF1!"", ""target_pos"": -1, ""signal_price"": 44608, ""order_id"": ""Short_Cmd"", ""order_action"": ""sell"", ""order_comment"": ""S_Cmd"", ""order_contracts"": 1, ""timestamp"": ""2026-07-14T01:55:00Z""}"
2026-07-14T10:15:04+08:00,MXF1!,-2,44355,sell,S_Add,1,Short_Add,2026-07-14T02:15:00Z,EXECUTED:success,"{""ticker"": ""MXF1!"", ""target_pos"": -2, ""signal_price"": 44355, ""order_id"": ""Short_Add"", ""order_action"": ""sell"", ""order_comment"": ""S_Add"", ""order_contracts"": 1, ""timestamp"": ""2026-07-14T02:15:00Z""}"
2026-07-14T10:19:23+08:00,MXF1!,-1,44167,buy,S_Exit,1,S_Exit,2026-07-14T02:15:00Z,EXECUTED:success,"{""ticker"": ""MXF1!"", ""target_pos"": -1, ""signal_price"": 44167, ""order_id"": ""S_Exit"", ""order_action"": ""buy"", ""order_comment"": ""S_Exit"", ""order_contracts"": 1, ""timestamp"": ""2026-07-14T02:15:00Z""}"
2026-07-14T10:20:04+08:00,MXF1!,-2,44162,sell,S_Add,1,Short_Add,2026-07-14T02:20:00Z,EXECUTED:success,"{""ticker"": ""MXF1!"", ""target_pos"": -2, ""signal_price"": 44162, ""order_id"": ""Short_Add"", ""order_action"": ""sell"", ""order_comment"": ""S_Add"", ""order_contracts"": 1, ""timestamp"": ""2026-07-14T02:20:00Z""}"
2026-07-14T11:10:04+08:00,MXF1!,-3,44046,sell,S_Add,1,Short_Add,2026-07-14T03:10:00Z,EXECUTED:success,"{""ticker"": ""MXF1!"", ""target_pos"": -3, ""signal_price"": 44046, ""order_id"": ""Short_Add"", ""order_action"": ""sell"", ""order_comment"": ""S_Add"", ""order_contracts"": 1, ""timestamp"": ""2026-07-14T03:10:00Z""}"
2026-07-14T11:15:01+08:00,MXF1!,-4,43986,sell,S_G_進,1,Short_G,2026-07-14T03:15:00Z,EXECUTED:success,"{""ticker"": ""MXF1!"", ""target_pos"": -4, ""signal_price"": 43986, ""order_id"": ""Short_G"", ""order_action"": ""sell"", ""order_comment"": ""S_G_進"", ""order_contracts"": 1, ""timestamp"": ""2026-07-14T03:15:00Z""}"
2026-07-14T11:18:11+08:00,MXF1!,-3,43874,buy,S_Exit_Add,1,S_Exit_Add,2026-07-14T03:15:00Z,EXECUTED:success,"{""ticker"": ""MXF1!"", ""target_pos"": -3, ""signal_price"": 43874, ""order_id"": ""S_Exit_Add"", ""order_action"": ""buy"", ""order_comment"": ""S_Exit_Add"", ""order_contracts"": 1, ""timestamp"": ""2026-07-14T03:15:00Z""}"
2026-07-14T11:21:46+08:00,MXF1!,-2,43873,buy,S_Exit_G,1,S_Exit_G,2026-07-14T03:20:00Z,EXECUTED:success,"{""ticker"": ""MXF1!"", ""target_pos"": -2, ""signal_price"": 43873, ""order_id"": ""S_Exit_G"", ""order_action"": ""buy"", ""order_comment"": ""S_Exit_G"", ""order_contracts"": 1, ""timestamp"": ""2026-07-14T03:20:00Z""}"
2026-07-14T13:12:29+08:00,MXF1!,-1,44765,buy,S_Exit_Add,1,S_Exit_Add,2026-07-14T05:10:00Z,EXECUTED:success,"{""ticker"": ""MXF1!"", ""target_pos"": -1, ""signal_price"": 44765, ""order_id"": ""S_Exit_Add"", ""order_action"": ""buy"", ""order_comment"": ""S_Exit_Add"", ""order_contracts"": 1, ""timestamp"": ""2026-07-14T05:10:00Z""}"
2026-07-14T13:21:57+08:00,MXF1!,0,44882,buy,S_Exit_Add,1,S_Exit_Add,2026-07-14T05:20:00Z,EXECUTED:success,"{""ticker"": ""MXF1!"", ""target_pos"": 0, ""signal_price"": 44882, ""order_id"": ""S_Exit_Add"", ""order_action"": ""buy"", ""order_comment"": ""S_Exit_Add"", ""order_contracts"": 1, ""timestamp"": ""2026-07-14T05:20:00Z""}"
2026-07-15T04:50:10+08:00,MXF1!,-1,45320,sell,S_Cmd,1,Short_Cmd,2026-07-14T20:50:00Z,EXECUTED:success,"{""ticker"": ""MXF1!"", ""target_pos"": -1, ""signal_price"": 45320, ""order_id"": ""Short_Cmd"", ""order_action"": ""sell"", ""order_comment"": ""S_Cmd"", ""order_contracts"": 1, ""timestamp"": ""2026-07-14T20:50:00Z""}"
2026-07-15T04:59:43+08:00,MXF1!,0,45410,buy,S_Exit,1,S_Exit,2026-07-14T20:55:00Z,EXECUTED:success,"{""ticker"": ""MXF1!"", ""target_pos"": 0, ""signal_price"": 45410, ""order_id"": ""S_Exit"", ""order_action"": ""buy"", ""order_comment"": ""S_Exit"", ""order_contracts"": 1, ""timestamp"": ""2026-07-14T20:55:00Z""}"
2026-07-15T09:30:07+08:00,MXF1!,1,45858,buy,L_Cmd,1,Long_Cmd,2026-07-15T01:30:00Z,EXECUTED:success,"{""ticker"": ""MXF1!"", ""target_pos"": 1, ""signal_price"": 45858, ""order_id"": ""Long_Cmd"", ""order_action"": ""buy"", ""order_comment"": ""L_Cmd"", ""order_contracts"": 1, ""timestamp"": ""2026-07-15T01:30:00Z""}"
2026-07-15T11:30:05+08:00,MXF1!,2,45980,buy,L_Add,1,Long_Add,2026-07-15T03:30:00Z,EXECUTED:success,"{""ticker"": ""MXF1!"", ""target_pos"": 2, ""signal_price"": 45980, ""order_id"": ""Long_Add"", ""order_action"": ""buy"", ""order_comment"": ""L_Add"", ""order_contracts"": 1, ""timestamp"": ""2026-07-15T03:30:00Z""}"
2026-07-15T11:50:05+08:00,MXF1!,3,46099,buy,L_Add,1,Long_Add,2026-07-15T03:50:00Z,EXECUTED:success,"{""ticker"": ""MXF1!"", ""target_pos"": 3, ""signal_price"": 46099, ""order_id"": ""Long_Add"", ""order_action"": ""buy"", ""order_comment"": ""L_Add"", ""order_contracts"": 1, ""timestamp"": ""2026-07-15T03:50:00Z""}"
2026-07-15T11:55:07+08:00,MXF1!,4,46123,buy,L_G_進,1,Long_G,2026-07-15T03:55:00Z,EXECUTED:success,"{""ticker"": ""MXF1!"", ""target_pos"": 4, ""signal_price"": 46123, ""order_id"": ""Long_G"", ""order_action"": ""buy"", ""order_comment"": ""L_G_進"", ""order_contracts"": 1, ""timestamp"": ""2026-07-15T03:55:00Z""}"
2026-07-15T13:30:02+08:00,MXF1!,3,45978,sell,L_G_Cut,1,Close entry(s) order Long_G,2026-07-15T05:30:00Z,EXECUTED:success,"{""ticker"": ""MXF1!"", ""target_pos"": 3, ""signal_price"": 45978, ""order_id"": ""Close entry(s) order Long_G"", ""order_action"": ""sell"", ""order_comment"": ""L_G_Cut"", ""order_contracts"": 1, ""timestamp"": ""2026-07-15T05:30:00Z""}"
2026-07-15T15:00:22+08:00,MXF1!,2,46234,sell,L_Exit,1,L_Exit,2026-07-15T07:00:00Z,EXECUTED:success,"{""ticker"": ""MXF1!"", ""target_pos"": 2, ""signal_price"": 46234, ""order_id"": ""L_Exit"", ""order_action"": ""sell"", ""order_comment"": ""L_Exit"", ""order_contracts"": 1, ""timestamp"": ""2026-07-15T07:00:00Z""}"
2026-07-15T15:00:25+08:00,MXF1!,1,46234,sell,L_Exit_Add,1,L_Exit_Add,2026-07-15T07:00:00Z,EXECUTED:success,"{""ticker"": ""MXF1!"", ""target_pos"": 1, ""signal_price"": 46234, ""order_id"": ""L_Exit_Add"", ""order_action"": ""sell"", ""order_comment"": ""L_Exit_Add"", ""order_contracts"": 1, ""timestamp"": ""2026-07-15T07:00:00Z""}"
2026-07-15T17:35:07+08:00,MXF1!,1,46062,sell,L_Cmd_Fast,1,Close entry(s) order Long_Cmd,2026-07-15T09:35:00Z,EXECUTED:success,"{""ticker"": ""MXF1!"", ""target_pos"": 1, ""signal_price"": 46062, ""order_id"": ""Close entry(s) order Long_Cmd"", ""order_action"": ""sell"", ""order_comment"": ""L_Cmd_Fast"", ""order_contracts"": 1, ""timestamp"": ""2026-07-15T09:35:00Z""}"
2026-07-15T20:10:08+08:00,MXF1!,0,45910,sell,Trend Rev,1,Close position order,2026-07-15T12:10:00Z,EXECUTED:success,"{""ticker"": ""MXF1!"", ""target_pos"": 0, ""signal_price"": 45910, ""order_id"": ""Close position order"", ""order_action"": ""sell"", ""order_comment"": ""Trend Rev"", ""order_contracts"": 1, ""timestamp"": ""2026-07-15T12:10:00Z""}"
2026-07-15T21:05:10+08:00,MXF1!,1,46134,buy,L_Cmd,1,Long_Cmd,2026-07-15T13:05:00Z,EXECUTED:success,"{""ticker"": ""MXF1!"", ""target_pos"": 1, ""signal_price"": 46134, ""order_id"": ""Long_Cmd"", ""order_action"": ""buy"", ""order_comment"": ""L_Cmd"", ""order_contracts"": 1, ""timestamp"": ""2026-07-15T13:05:00Z""}"
2026-07-15T21:33:33+08:00,MXF1!,0,45980,sell,L_Exit,1,L_Exit,2026-07-15T13:30:00Z,EXECUTED:success,"{""ticker"": ""MXF1!"", ""target_pos"": 0, ""signal_price"": 45980, ""order_id"": ""L_Exit"", ""order_action"": ""sell"", ""order_comment"": ""L_Exit"", ""order_contracts"": 1, ""timestamp"": ""2026-07-15T13:30:00Z""}"
2026-07-15T22:25:07+08:00,MXF1!,-1,45699,sell,S_Cmd,1,Short_Cmd,2026-07-15T14:25:00Z,EXECUTED:success,"{""ticker"": ""MXF1!"", ""target_pos"": -1, ""signal_price"": 45699, ""order_id"": ""Short_Cmd"", ""order_action"": ""sell"", ""order_comment"": ""S_Cmd"", ""order_contracts"": 1, ""timestamp"": ""2026-07-15T14:25:00Z""}"
2026-07-15T22:40:36+08:00,MXF1!,-2,45570,sell,S_Add,1,Short_Add,2026-07-15T14:40:00Z,EXECUTED:warning,"{""ticker"": ""MXF1!"", ""target_pos"": -2, ""signal_price"": 45570, ""order_id"": ""Short_Add"", ""order_action"": ""sell"", ""order_comment"": ""S_Add"", ""order_contracts"": 1, ""timestamp"": ""2026-07-15T14:40:00Z""}"
2026-07-15T23:25:05+08:00,MXF1!,-3,45539,sell,S_Add,1,Short_Add,2026-07-15T15:25:00Z,EXECUTED:success,"{""ticker"": ""MXF1!"", ""target_pos"": -3, ""signal_price"": 45539, ""order_id"": ""Short_Add"", ""order_action"": ""sell"", ""order_comment"": ""S_Add"", ""order_contracts"": 1, ""timestamp"": ""2026-07-15T15:25:00Z""}"
2026-07-16T00:00:05+08:00,MXF1!,-4,45502,sell,S_G_進,1,Short_G,2026-07-15T16:00:00Z,EXECUTED:success,"{""ticker"": ""MXF1!"", ""target_pos"": -4, ""signal_price"": 45502, ""order_id"": ""Short_G"", ""order_action"": ""sell"", ""order_comment"": ""S_G_進"", ""order_contracts"": 1, ""timestamp"": ""2026-07-15T16:00:00Z""}"
2026-07-16T00:02:22+08:00,MXF1!,-3,45451,buy,S_Exit,1,S_Exit,2026-07-15T16:00:00Z,EXECUTED:success,"{""ticker"": ""MXF1!"", ""target_pos"": -3, ""signal_price"": 45451, ""order_id"": ""S_Exit"", ""order_action"": ""buy"", ""order_comment"": ""S_Exit"", ""order_contracts"": 1, ""timestamp"": ""2026-07-15T16:00:00Z""}"
2026-07-16T00:05:03+08:00,MXF1!,-4,45445,sell,S_G_進,1,Short_G,2026-07-15T16:05:00Z,EXECUTED:success,"{""ticker"": ""MXF1!"", ""target_pos"": -4, ""signal_price"": 45445, ""order_id"": ""Short_G"", ""order_action"": ""sell"", ""order_comment"": ""S_G_進"", ""order_contracts"": 1, ""timestamp"": ""2026-07-15T16:05:00Z""}"
2026-07-16T00:06:48+08:00,MXF1!,-3,45363,buy,S_Exit_G,1,S_Exit_G,2026-07-15T16:05:00Z,EXECUTED:success,"{""ticker"": ""MXF1!"", ""target_pos"": -3, ""signal_price"": 45363, ""order_id"": ""S_Exit_G"", ""order_action"": ""buy"", ""order_comment"": ""S_Exit_G"", ""order_contracts"": 1, ""timestamp"": ""2026-07-15T16:05:00Z""}"
2026-07-16T00:15:03+08:00,MXF1!,-4,45336,sell,S_G_進,1,Short_G,2026-07-15T16:15:00Z,EXECUTED:success,"{""ticker"": ""MXF1!"", ""target_pos"": -4, ""signal_price"": 45336, ""order_id"": ""Short_G"", ""order_action"": ""sell"", ""order_comment"": ""S_G_進"", ""order_contracts"": 1, ""timestamp"": ""2026-07-15T16:15:00Z""}"
2026-07-16T00:15:42+08:00,MXF1!,-3,45318,buy,S_Exit_G,1,S_Exit_G,2026-07-15T16:15:00Z,EXECUTED:success,"{""ticker"": ""MXF1!"", ""target_pos"": -3, ""signal_price"": 45318, ""order_id"": ""S_Exit_G"", ""order_action"": ""buy"", ""order_comment"": ""S_Exit_G"", ""order_contracts"": 1, ""timestamp"": ""2026-07-15T16:15:00Z""}"
2026-07-16T00:20:03+08:00,MXF1!,-4,45314,sell,S_G_進,1,Short_G,2026-07-15T16:20:00Z,EXECUTED:success,"{""ticker"": ""MXF1!"", ""target_pos"": -4, ""signal_price"": 45314, ""order_id"": ""Short_G"", ""order_action"": ""sell"", ""order_comment"": ""S_G_進"", ""order_contracts"": 1, ""timestamp"": ""2026-07-15T16:20:00Z""}"
2026-07-16T00:24:27+08:00,MXF1!,-3,45275,buy,S_Exit_Add,1,S_Exit_Add,2026-07-15T16:20:00Z,EXECUTED:success,"{""ticker"": ""MXF1!"", ""target_pos"": -3, ""signal_price"": 45275, ""order_id"": ""S_Exit_Add"", ""order_action"": ""buy"", ""order_comment"": ""S_Exit_Add"", ""order_contracts"": 1, ""timestamp"": ""2026-07-15T16:20:00Z""}"
2026-07-16T00:25:04+08:00,MXF1!,-4,45274,sell,S_G_進,1,Short_G,2026-07-15T16:25:00Z,EXECUTED:success,"{""ticker"": ""MXF1!"", ""target_pos"": -4, ""signal_price"": 45274, ""order_id"": ""Short_G"", ""order_action"": ""sell"", ""order_comment"": ""S_G_進"", ""order_contracts"": 1, ""timestamp"": ""2026-07-15T16:25:00Z""}"
2026-07-16T00:34:56+08:00,MXF1!,-3,45260,buy,S_Exit_Add,1,S_Exit_Add,2026-07-15T16:30:00Z,EXECUTED:success,"{""ticker"": ""MXF1!"", ""target_pos"": -3, ""signal_price"": 45260, ""order_id"": ""S_Exit_Add"", ""order_action"": ""buy"", ""order_comment"": ""S_Exit_Add"", ""order_contracts"": 1, ""timestamp"": ""2026-07-15T16:30:00Z""}"
2026-07-16T01:20:10+08:00,MXF1!,0,45558,buy,S_G_Cut,3,Close entry(s) order Short_G,2026-07-15T17:20:00Z,EXECUTED:success,"{""ticker"": ""MXF1!"", ""target_pos"": 0, ""signal_price"": 45558, ""order_id"": ""Close entry(s) order Short_G"", ""order_action"": ""buy"", ""order_comment"": ""S_G_Cut"", ""order_contracts"": 3, ""timestamp"": ""2026-07-15T17:20:00Z""}"
2026-07-16T03:45:09+08:00,MXF1!,1,45875,buy,L_Cmd,1,Long_Cmd,2026-07-15T19:45:00Z,EXECUTED:success,"{""ticker"": ""MXF1!"", ""target_pos"": 1, ""signal_price"": 45875, ""order_id"": ""Long_Cmd"", ""order_action"": ""buy"", ""order_comment"": ""L_Cmd"", ""order_contracts"": 1, ""timestamp"": ""2026-07-15T19:45:00Z""}"
2026-07-16T08:45:06+08:00,MXF1!,0,45561,sell,L_Exit,1,L_Exit,2026-07-16T00:45:00Z,EXECUTED:success,"{""ticker"": ""MXF1!"", ""target_pos"": 0, ""signal_price"": 45561, ""order_id"": ""L_Exit"", ""order_action"": ""sell"", ""order_comment"": ""L_Exit"", ""order_contracts"": 1, ""timestamp"": ""2026-07-16T00:45:00Z""}"
2026-07-16T08:50:04+08:00,MXF1!,-1,45531,sell,S_Cmd,1,Short_Cmd,2026-07-16T00:50:00Z,EXECUTED:success,"{""ticker"": ""MXF1!"", ""target_pos"": -1, ""signal_price"": 45531, ""order_id"": ""Short_Cmd"", ""order_action"": ""sell"", ""order_comment"": ""S_Cmd"", ""order_contracts"": 1, ""timestamp"": ""2026-07-16T00:50:00Z""}"
2026-07-16T09:20:07+08:00,MXF1!,-2,45404,sell,S_Add,1,Short_Add,2026-07-16T01:20:00Z,EXECUTED:success,"{""ticker"": ""MXF1!"", ""target_pos"": -2, ""signal_price"": 45404, ""order_id"": ""Short_Add"", ""order_action"": ""sell"", ""order_comment"": ""S_Add"", ""order_contracts"": 1, ""timestamp"": ""2026-07-16T01:20:00Z""}"
2026-07-16T09:24:41+08:00,MXF1!,-1,45328,buy,S_Exit,1,S_Exit,2026-07-16T01:20:00Z,EXECUTED:success,"{""ticker"": ""MXF1!"", ""target_pos"": -1, ""signal_price"": 45328, ""order_id"": ""S_Exit"", ""order_action"": ""buy"", ""order_comment"": ""S_Exit"", ""order_contracts"": 1, ""timestamp"": ""2026-07-16T01:20:00Z""}"
2026-07-16T09:30:05+08:00,MXF1!,-2,45245,sell,S_Add,1,Short_Add,2026-07-16T01:30:00Z,EXECUTED:success,"{""ticker"": ""MXF1!"", ""target_pos"": -2, ""signal_price"": 45245, ""order_id"": ""Short_Add"", ""order_action"": ""sell"", ""order_comment"": ""S_Add"", ""order_contracts"": 1, ""timestamp"": ""2026-07-16T01:30:00Z""}"
2026-07-16T09:45:04+08:00,MXF1!,-3,45229,sell,S_Add,1,Short_Add,2026-07-16T01:45:00Z,EXECUTED:success,"{""ticker"": ""MXF1!"", ""target_pos"": -3, ""signal_price"": 45229, ""order_id"": ""Short_Add"", ""order_action"": ""sell"", ""order_comment"": ""S_Add"", ""order_contracts"": 1, ""timestamp"": ""2026-07-16T01:45:00Z""}"
2026-07-16T10:40:04+08:00,MXF1!,0,45697,buy,Trend Rev,3,Close position order,2026-07-16T02:40:00Z,EXECUTED:success,"{""ticker"": ""MXF1!"", ""target_pos"": 0, ""signal_price"": 45697, ""order_id"": ""Close position order"", ""order_action"": ""buy"", ""order_comment"": ""Trend Rev"", ""order_contracts"": 3, ""timestamp"": ""2026-07-16T02:40:00Z""}"
2026-07-17T02:20:12+08:00,MXF1!,0,44650,buy,S_Cmd_Fast,1,Close entry(s) order Short_Cmd,2026-07-16T18:20:00Z,EXECUTED:success,"{""ticker"": ""MXF1!"", ""target_pos"": 0, ""signal_price"": 44650, ""order_id"": ""Close entry(s) order Short_Cmd"", ""order_action"": ""buy"", ""order_comment"": ""S_Cmd_Fast"", ""order_contracts"": 1, ""timestamp"": ""2026-07-16T18:20:00Z""}"
2026-07-17T08:50:06+08:00,MXF1!,-1,44179,sell,S_Cmd,1,Short_Cmd,2026-07-17T00:50:00Z,EXECUTED:success,"{""ticker"": ""MXF1!"", ""target_pos"": -1, ""signal_price"": 44179, ""order_id"": ""Short_Cmd"", ""order_action"": ""sell"", ""order_comment"": ""S_Cmd"", ""order_contracts"": 1, ""timestamp"": ""2026-07-17T00:50:00Z""}"
2026-07-17T08:55:09+08:00,MXF1!,0,44409,buy,S_Exit,1,S_Exit,2026-07-17T00:55:00Z,EXECUTED:success,"{""ticker"": ""MXF1!"", ""target_pos"": 0, ""signal_price"": 44409, ""order_id"": ""S_Exit"", ""order_action"": ""buy"", ""order_comment"": ""S_Exit"", ""order_contracts"": 1, ""timestamp"": ""2026-07-17T00:55:00Z""}"
2026-07-17T09:35:07+08:00,MXF1!,-1,44013,sell,S_Cmd,1,Short_Cmd,2026-07-17T01:35:00Z,EXECUTED:success,"{""ticker"": ""MXF1!"", ""target_pos"": -1, ""signal_price"": 44013, ""order_id"": ""Short_Cmd"", ""order_action"": ""sell"", ""order_comment"": ""S_Cmd"", ""order_contracts"": 1, ""timestamp"": ""2026-07-17T01:35:00Z""}"
2026-07-17T10:40:15+08:00,MXF1!,-2,43852,sell,S_Add,1,Short_Add,2026-07-17T02:40:00Z,EXECUTED:warning,"{""ticker"": ""MXF1!"", ""target_pos"": -2, ""signal_price"": 43852, ""order_id"": ""Short_Add"", ""order_action"": ""sell"", ""order_comment"": ""S_Add"", ""order_contracts"": 1, ""timestamp"": ""2026-07-17T02:40:00Z""}"
2026-07-17T10:55:06+08:00,MXF1!,-3,43760,sell,S_Add,1,Short_Add,2026-07-17T02:55:00Z,EXECUTED:success,"{""ticker"": ""MXF1!"", ""target_pos"": -3, ""signal_price"": 43760, ""order_id"": ""Short_Add"", ""order_action"": ""sell"", ""order_comment"": ""S_Add"", ""order_contracts"": 1, ""timestamp"": ""2026-07-17T02:55:00Z""}"
2026-07-17T11:45:05+08:00,MXF1!,-4,43719,sell,S_G_進,1,Short_G,2026-07-17T03:45:00Z,EXECUTED:success,"{""ticker"": ""MXF1!"", ""target_pos"": -4, ""signal_price"": 43719, ""order_id"": ""Short_G"", ""order_action"": ""sell"", ""order_comment"": ""S_G_進"", ""order_contracts"": 1, ""timestamp"": ""2026-07-17T03:45:00Z""}"
2026-07-17T11:50:53+08:00,MXF1!,-3,43631,buy,S_Exit_G,1,S_Exit_G,2026-07-17T03:50:00Z,EXECUTED:success,"{""ticker"": ""MXF1!"", ""target_pos"": -3, ""signal_price"": 43631, ""order_id"": ""S_Exit_G"", ""order_action"": ""buy"", ""order_comment"": ""S_Exit_G"", ""order_contracts"": 1, ""timestamp"": ""2026-07-17T03:50:00Z""}"
2026-07-17T11:53:19+08:00,MXF1!,-2,43579,buy,S_Exit,1,S_Exit,2026-07-17T03:50:00Z,EXECUTED:success,"{""ticker"": ""MXF1!"", ""target_pos"": -2, ""signal_price"": 43579, ""order_id"": ""S_Exit"", ""order_action"": ""buy"", ""order_comment"": ""S_Exit"", ""order_contracts"": 1, ""timestamp"": ""2026-07-17T03:50:00Z""}"
2026-07-17T11:55:03+08:00,MXF1!,-3,43552,sell,S_Add,1,Short_Add,2026-07-17T03:55:00Z,EXECUTED:success,"{""ticker"": ""MXF1!"", ""target_pos"": -3, ""signal_price"": 43552, ""order_id"": ""Short_Add"", ""order_action"": ""sell"", ""order_comment"": ""S_Add"", ""order_contracts"": 1, ""timestamp"": ""2026-07-17T03:55:00Z""}"
2026-07-17T12:00:03+08:00,MXF1!,-4,43508,sell,S_G_進,1,Short_G,2026-07-17T04:00:00Z,EXECUTED:success,"{""ticker"": ""MXF1!"", ""target_pos"": -4, ""signal_price"": 43508, ""order_id"": ""Short_G"", ""order_action"": ""sell"", ""order_comment"": ""S_G_進"", ""order_contracts"": 1, ""timestamp"": ""2026-07-17T04:00:00Z""}"
2026-07-17T12:00:23+08:00,MXF1!,-3,43502,buy,S_Exit_Add,1,S_Exit_Add,2026-07-17T04:00:00Z,EXECUTED:success,"{""ticker"": ""MXF1!"", ""target_pos"": -3, ""signal_price"": 43502, ""order_id"": ""S_Exit_Add"", ""order_action"": ""buy"", ""order_comment"": ""S_Exit_Add"", ""order_contracts"": 1, ""timestamp"": ""2026-07-17T04:00:00Z""}"
2026-07-17T12:10:02+08:00,MXF1!,-4,43432,sell,S_G_進,1,Short_G,2026-07-17T04:10:00Z,EXECUTED:success,"{""ticker"": ""MXF1!"", ""target_pos"": -4, ""signal_price"": 43432, ""order_id"": ""Short_G"", ""order_action"": ""sell"", ""order_comment"": ""S_G_進"", ""order_contracts"": 1, ""timestamp"": ""2026-07-17T04:10:00Z""}"
2026-07-17T12:10:05+08:00,MXF1!,-3,43435,buy,S_Exit_G,1,S_Exit_G,2026-07-17T04:10:00Z,DEDUP_DROPPED,"{""ticker"": ""MXF1!"", ""target_pos"": -3, ""signal_price"": 43435, ""order_id"": ""S_Exit_G"", ""order_action"": ""buy"", ""order_comment"": ""S_Exit_G"", ""order_contracts"": 1, ""timestamp"": ""2026-07-17T04:10:00Z""}"
2026-07-17T12:11:17+08:00,MXF1!,-2,43407,buy,S_Exit_Add,1,S_Exit_Add,2026-07-17T04:10:00Z,EXECUTED:success,"{""ticker"": ""MXF1!"", ""target_pos"": -2, ""signal_price"": 43407, ""order_id"": ""S_Exit_Add"", ""order_action"": ""buy"", ""order_comment"": ""S_Exit_Add"", ""order_contracts"": 1, ""timestamp"": ""2026-07-17T04:10:00Z""}"
